-- MySQL dump 10.13  Distrib 8.0.19, for Win64 (x86_64)
--
-- Host: localhost    Database: aicc-master
-- ------------------------------------------------------
-- Server version	5.7.33-log

/*!40101 SET @OLD_CHARACTER_SET_CLIENT=@@CHARACTER_SET_CLIENT */;
/*!40101 SET @OLD_CHARACTER_SET_RESULTS=@@CHARACTER_SET_RESULTS */;
/*!40101 SET @OLD_COLLATION_CONNECTION=@@COLLATION_CONNECTION */;
/*!50503 SET NAMES utf8mb4 */;
/*!40103 SET @OLD_TIME_ZONE=@@TIME_ZONE */;
/*!40103 SET TIME_ZONE='+00:00' */;
/*!40014 SET @OLD_UNIQUE_CHECKS=@@UNIQUE_CHECKS, UNIQUE_CHECKS=0 */;
/*!40014 SET @OLD_FOREIGN_KEY_CHECKS=@@FOREIGN_KEY_CHECKS, FOREIGN_KEY_CHECKS=0 */;
/*!40101 SET @OLD_SQL_MODE=@@SQL_MODE, SQL_MODE='NO_AUTO_VALUE_ON_ZERO' */;
/*!40111 SET @OLD_SQL_NOTES=@@SQL_NOTES, SQL_NOTES=0 */;

--
-- Table structure for table `migrations`
--

DROP TABLE IF EXISTS `migrations`;
/*!40101 SET @saved_cs_client     = @@character_set_client */;
/*!50503 SET character_set_client = utf8mb4 */;
CREATE TABLE `migrations` (
  `id` int(10) unsigned NOT NULL AUTO_INCREMENT,
  `migration` varchar(255) COLLATE utf8mb4_unicode_ci NOT NULL,
  `batch` int(11) NOT NULL,
  PRIMARY KEY (`id`)
) ENGINE=InnoDB DEFAULT CHARSET=utf8mb4 COLLATE=utf8mb4_unicode_ci;
/*!40101 SET character_set_client = @saved_cs_client */;

--
-- Dumping data for table `migrations`
--

LOCK TABLES `migrations` WRITE;
/*!40000 ALTER TABLE `migrations` DISABLE KEYS */;
/*!40000 ALTER TABLE `migrations` ENABLE KEYS */;
UNLOCK TABLES;

--
-- Table structure for table `tb_approval`
--

DROP TABLE IF EXISTS `tb_approval`;
/*!40101 SET @saved_cs_client     = @@character_set_client */;
/*!50503 SET character_set_client = utf8mb4 */;
CREATE TABLE `tb_approval` (
  `approval_id` int(11) NOT NULL AUTO_INCREMENT,
  `user_id` int(11) DEFAULT NULL,
  `section_id` int(11) DEFAULT NULL,
  `approval_level` int(11) DEFAULT '0' COMMENT '1:SC/SH, 2:Manager',
  `created_at` datetime DEFAULT NULL,
  `created_log` varchar(255) DEFAULT NULL,
  `updated_at` datetime DEFAULT NULL,
  `updated_log` varchar(255) DEFAULT NULL,
  PRIMARY KEY (`approval_id`) USING BTREE,
  KEY `FK1_tb_approval_tb_user` (`user_id`) USING BTREE,
  KEY `FK2_tb_approval_tb_section` (`section_id`) USING BTREE,
  CONSTRAINT `FK1_tb_approval_tb_user` FOREIGN KEY (`user_id`) REFERENCES `tb_user` (`id`),
  CONSTRAINT `FK2_tb_approval_tb_user` FOREIGN KEY (`section_id`) REFERENCES `tb_section` (`id`)
) ENGINE=InnoDB AUTO_INCREMENT=53 DEFAULT CHARSET=latin1;
/*!40101 SET character_set_client = @saved_cs_client */;

--
-- Dumping data for table `tb_approval`
--

LOCK TABLES `tb_approval` WRITE;
/*!40000 ALTER TABLE `tb_approval` DISABLE KEYS */;
INSERT INTO `tb_approval` VALUES (1,111,1,1,'2024-12-10 00:00:00',NULL,NULL,NULL),(3,38,1,2,'2024-12-10 00:00:00',NULL,NULL,NULL),(4,74,55,1,'2024-12-10 00:00:00',NULL,NULL,NULL),(6,8,9,2,'2024-12-10 14:52:27',NULL,NULL,NULL),(7,138,12,1,'2024-12-11 09:18:56',NULL,NULL,NULL),(8,61,11,1,'2024-12-11 09:19:19',NULL,NULL,NULL),(9,65,4,1,'2024-12-11 09:19:51',NULL,NULL,NULL),(10,97,26,1,'2024-12-11 09:20:22',NULL,NULL,NULL),(11,104,28,1,'2024-12-11 09:21:09',NULL,NULL,NULL),(12,118,23,1,'2024-12-11 09:21:35',NULL,NULL,NULL),(13,207,24,1,'2024-12-11 09:22:04',NULL,NULL,NULL),(14,41,21,1,'2024-12-11 09:22:36',NULL,NULL,NULL),(15,42,22,1,'2024-12-11 09:23:04',NULL,NULL,NULL),(16,16,18,1,'2024-12-11 09:23:34',NULL,NULL,NULL),(17,180,19,1,'2024-12-11 09:24:13',NULL,NULL,NULL),(18,143,16,1,'2024-12-11 09:24:50',NULL,NULL,NULL),(19,155,17,1,'2024-12-11 09:25:20',NULL,NULL,NULL),(20,32,14,1,'2024-12-11 09:25:49',NULL,NULL,NULL),(21,127,30,1,'2024-12-11 09:28:50',NULL,NULL,NULL),(22,57,13,1,'2024-12-11 09:29:36',NULL,NULL,NULL),(23,29,6,1,'2024-12-11 09:30:02',NULL,NULL,NULL),(24,125,3,1,'2024-12-11 09:30:23',NULL,NULL,NULL),(25,94,27,1,'2024-12-11 09:31:01',NULL,NULL,NULL),(26,46,25,1,'2024-12-11 09:58:04',NULL,NULL,NULL),(27,50,20,1,'2024-12-11 09:58:58',NULL,NULL,NULL),(28,19,20,1,'2024-12-11 09:59:48',NULL,NULL,NULL),(29,21,5,1,'2024-12-11 10:03:21',NULL,NULL,NULL),(30,38,1,1,'2024-12-11 10:03:50',NULL,NULL,NULL),(31,109,29,1,'2024-12-11 10:04:12',NULL,NULL,NULL),(32,27,2,1,'2024-12-11 10:04:39',NULL,NULL,NULL),(33,26,7,1,'2024-12-11 10:05:07',NULL,NULL,NULL),(34,23,8,1,'2024-12-11 10:05:30',NULL,NULL,NULL),(35,28,13,2,'2024-12-11 10:06:57',NULL,NULL,NULL),(36,28,6,2,'2024-12-11 10:07:30',NULL,NULL,NULL),(37,63,3,2,'2024-12-11 10:08:14',NULL,NULL,NULL),(39,39,25,2,'2024-12-11 10:11:07',NULL,NULL,NULL),(40,9,20,2,'2024-12-11 10:11:38',NULL,NULL,NULL),(41,84,15,2,'2024-12-11 10:12:08',NULL,NULL,NULL),(42,27,2,2,'2024-12-11 10:15:59',NULL,NULL,NULL),(43,23,7,2,'2024-12-11 10:16:52',NULL,NULL,NULL),(44,4,29,2,'2024-12-11 10:17:24',NULL,NULL,NULL),(45,6,26,2,'2024-12-11 10:54:42',NULL,NULL,NULL),(46,91,5,1,'2024-12-11 10:55:10',NULL,NULL,NULL),(47,6,27,2,'2024-12-11 10:56:57',NULL,NULL,NULL),(48,6,28,2,'2024-12-11 10:57:13',NULL,NULL,NULL),(49,6,45,2,'2024-12-11 10:57:30',NULL,NULL,NULL),(50,6,36,2,'2024-12-11 10:57:55',NULL,NULL,NULL),(51,90,5,2,'2024-12-11 10:58:40',NULL,NULL,NULL),(52,91,48,1,'2024-12-11 11:02:13',NULL,NULL,NULL);
/*!40000 ALTER TABLE `tb_approval` ENABLE KEYS */;
UNLOCK TABLES;

--
-- Table structure for table `tb_category_materials`
--

DROP TABLE IF EXISTS `tb_category_materials`;
/*!40101 SET @saved_cs_client     = @@character_set_client */;
/*!50503 SET character_set_client = utf8mb4 */;
CREATE TABLE `tb_category_materials` (
  `category_id` int(11) NOT NULL AUTO_INCREMENT,
  `category_name` varchar(255) DEFAULT NULL,
  `category_code` varchar(255) DEFAULT NULL,
  `code_ax` varchar(255) DEFAULT NULL,
  `created_at` datetime DEFAULT NULL,
  `created_log` varchar(255) DEFAULT NULL,
  `updated_at` datetime DEFAULT NULL,
  `updated_log` varchar(255) DEFAULT NULL,
  PRIMARY KEY (`category_id`) USING BTREE
) ENGINE=InnoDB AUTO_INCREMENT=5 DEFAULT CHARSET=latin1;
/*!40101 SET character_set_client = @saved_cs_client */;

--
-- Dumping data for table `tb_category_materials`
--

LOCK TABLES `tb_category_materials` WRITE;
/*!40000 ALTER TABLE `tb_category_materials` DISABLE KEYS */;
INSERT INTO `tb_category_materials` VALUES (1,'ATK','A','9001','2024-08-23 00:00:00',NULL,'2024-09-19 00:00:00',NULL),(2,'Caffetaria','C','9002','2024-08-23 00:00:00',NULL,'2024-09-19 00:00:00',NULL),(3,'Uniform','U','9003','2024-08-23 00:00:00',NULL,'2024-09-19 00:00:00',NULL),(4,'Housekeeping','H','9004','2024-09-12 00:00:00',NULL,'2024-09-23 00:00:00',NULL);
/*!40000 ALTER TABLE `tb_category_materials` ENABLE KEYS */;
UNLOCK TABLES;

--
-- Table structure for table `tb_customer`
--

DROP TABLE IF EXISTS `tb_customer`;
/*!40101 SET @saved_cs_client     = @@character_set_client */;
/*!50503 SET character_set_client = utf8mb4 */;
CREATE TABLE `tb_customer` (
  `id` int(11) NOT NULL AUTO_INCREMENT,
  `customer_name` varchar(50) DEFAULT NULL,
  `phone` varchar(15) DEFAULT NULL,
  `address` text NOT NULL,
  `is_active` int(11) DEFAULT '0' COMMENT '0 : No, 1 : Yes',
  `code_ax` varchar(255) DEFAULT NULL,
  `created_at` datetime DEFAULT NULL,
  `created_log` varchar(50) DEFAULT NULL,
  `updated_at` datetime DEFAULT NULL,
  `updated_log` varchar(50) DEFAULT NULL,
  `initial` varchar(100) DEFAULT NULL,
  PRIMARY KEY (`id`) USING BTREE
) ENGINE=InnoDB AUTO_INCREMENT=49 DEFAULT CHARSET=latin1;
/*!40101 SET character_set_client = @saved_cs_client */;

--
-- Dumping data for table `tb_customer`
--

LOCK TABLES `tb_customer` WRITE;
/*!40000 ALTER TABLE `tb_customer` DISABLE KEYS */;
INSERT INTO `tb_customer` VALUES (31,'MESIN ISUZU INDONESIA, PT','-','Jl. Kaliabang No. 1 RT/RW 003/007\r\nMedan Satria-Bekasi Barat\r\nIDN',1,'11-001','2024-12-16 00:00:00','ADE FIRMAN HAMID',NULL,NULL,'MII'),(33,'Tdjokro Bersaudara Kompenindo',NULL,'-',1,NULL,NULL,NULL,NULL,NULL,'TBK'),(34,'TJ Forge',NULL,'-',1,NULL,NULL,NULL,NULL,NULL,'TJFI'),(35,'Sari Takagi Elok Prestasi',NULL,'-',1,NULL,NULL,NULL,NULL,NULL,'STEP'),(36,'Morita Tjokro Group',NULL,'-',1,NULL,NULL,NULL,NULL,NULL,'MTG'),(37,'Inti Ganda Perkasa',NULL,'-',1,NULL,NULL,NULL,NULL,NULL,'IGP'),(38,'MTG Cikarang',NULL,'-',1,NULL,NULL,NULL,NULL,NULL,'MTG CKRG'),(39,'Braja Mukti Cakra',NULL,'-',1,NULL,NULL,NULL,NULL,NULL,'BMC'),(40,'REPAIR',NULL,'-',1,NULL,NULL,NULL,NULL,NULL,'REPAIR'),(41,'MASATO',NULL,'-',1,NULL,NULL,NULL,NULL,NULL,'MASATO'),(42,'IAMI',NULL,'-',1,NULL,NULL,NULL,NULL,NULL,'IAMI'),(43,'IGP KIM',NULL,'-',1,NULL,NULL,NULL,NULL,NULL,'IGP KIM'),(44,'MKM',NULL,'-',1,NULL,NULL,NULL,NULL,NULL,'MKM'),(45,'JBI',NULL,'-',1,NULL,NULL,NULL,NULL,NULL,'JBI'),(46,'Hara',NULL,'-',1,NULL,NULL,NULL,NULL,NULL,'Hara'),(47,'Angkasan Kilauan Mentari',NULL,'-',1,NULL,NULL,NULL,NULL,NULL,'AKM'),(48,'Tsuzuki Indonesia Manufacturing',NULL,'-',1,NULL,NULL,NULL,NULL,NULL,'TIM');
/*!40000 ALTER TABLE `tb_customer` ENABLE KEYS */;
UNLOCK TABLES;

--
-- Table structure for table `tb_driver`
--

DROP TABLE IF EXISTS `tb_driver`;
/*!40101 SET @saved_cs_client     = @@character_set_client */;
/*!50503 SET character_set_client = utf8mb4 */;
CREATE TABLE `tb_driver` (
  `id` int(11) NOT NULL AUTO_INCREMENT,
  `driver_name` varchar(50) DEFAULT NULL,
  `driver_phone` varchar(50) DEFAULT NULL,
  `created_at` datetime DEFAULT NULL,
  `created_log` varchar(50) DEFAULT NULL,
  `updated_at` datetime DEFAULT NULL,
  `updated_log` varchar(50) DEFAULT NULL,
  PRIMARY KEY (`id`) USING BTREE
) ENGINE=InnoDB DEFAULT CHARSET=latin1;
/*!40101 SET character_set_client = @saved_cs_client */;

--
-- Dumping data for table `tb_driver`
--

LOCK TABLES `tb_driver` WRITE;
/*!40000 ALTER TABLE `tb_driver` DISABLE KEYS */;
/*!40000 ALTER TABLE `tb_driver` ENABLE KEYS */;
UNLOCK TABLES;

--
-- Table structure for table `tb_forwarder`
--

DROP TABLE IF EXISTS `tb_forwarder`;
/*!40101 SET @saved_cs_client     = @@character_set_client */;
/*!50503 SET character_set_client = utf8mb4 */;
CREATE TABLE `tb_forwarder` (
  `id` int(11) NOT NULL AUTO_INCREMENT,
  `nama_perusahaan` varchar(50) DEFAULT NULL,
  `initial` varchar(50) DEFAULT NULL,
  `model` varchar(10) DEFAULT NULL,
  `attn` varchar(50) DEFAULT NULL,
  `telp` varchar(15) DEFAULT NULL,
  `alamat_perusahaan` text,
  PRIMARY KEY (`id`) USING BTREE
) ENGINE=InnoDB AUTO_INCREMENT=9 DEFAULT CHARSET=latin1 COMMENT='Table digunakan di program:\r\n1. Data Kendaraan Masuk u/ stuffing plan\r\n2. Create SPPB untuk export';
/*!40101 SET character_set_client = @saved_cs_client */;

--
-- Dumping data for table `tb_forwarder`
--

LOCK TABLES `tb_forwarder` WRITE;
/*!40000 ALTER TABLE `tb_forwarder` DISABLE KEYS */;
INSERT INTO `tb_forwarder` VALUES (1,'PT. YUSEN LOGISTICS INDONESIA','YUSEN','FCL','Mr. Ridwan','021-8981020 ','Jakarta Headquarter Office, <br>MM2100 Industrial Town Block EE-4 <br>Cikarang Barat Bekasi, 17520 West Java, Indonesia \r\n'),(2,'PT. ISUZU LOGISTICS INDONESIA (ITOCHU LOG)','ISZLOG (ITOCHU)','FCL',NULL,'021-30424017','Jl. Surya Utama Kavling C-1, <br>GEDUNG THE MANOR BUILDING L7-F, <br>SURYACIPTA SQUARE, SURYACIPTA CITY OF INDUSTRY'),(3,'PT. ISUZU LOGISTICS INDONESIA (BML)','ISZLOG (BML)','FCL',NULL,'021-30424017','Jl. Surya Utama Kavling C-1, <br>GEDUNG THE MANOR BUILDING L7-F, <br>SURYACIPTA SQUARE, SURYACIPTA CITY OF INDUSTRY'),(4,'PT. DUNIA EXPRESS','DUNEX','FCL','Mr. Munthe','021-6511137','Jl. Agung Karya VII No. 1, <br>PAPANGO, JAKARTA UTARA'),(5,'HANKYU HANSHIN','HANKYU','LCL','Mr. Ryan',NULL,'Wisma Indomobil 1, Lt. 8, Jl. MT Haryono Kav. 8,<br> RT 009/ RW 011, Kel. Bidara Cina, Kec. Jatinegara, <br>Jakarta Timur'),(6,'PT. ISUZU LOGISTICS INDONESIA','ISZLOG','LCL',NULL,'021-30424017 ','Jl. Surya Utama Kavling C-1, <br>GEDUNG THE MANOR BUILDING L7-F, <br>SURYACIPTA SQUARE, SURYACIPTA CITY OF INDUSTRY'),(7,'NIPPON EXPRESS','NIPPON','AIR','Ms. Rari',NULL,'Soewarna Business Park Block J Lot 12, Soekarno-Hatta International Airport, Jakarta, Indonesia'),(8,'PT. KLINE TOTAL LOGISTICS INDONESIA','KLINE','FCL','Mr.Abel','021-5214066','Gedung MSIG LT.41,<br>Jl. Jend. Sudirman Kav.21 Jakarta');
/*!40000 ALTER TABLE `tb_forwarder` ENABLE KEYS */;
UNLOCK TABLES;

--
-- Table structure for table `tb_materials`
--

DROP TABLE IF EXISTS `tb_materials`;
/*!40101 SET @saved_cs_client     = @@character_set_client */;
/*!50503 SET character_set_client = utf8mb4 */;
CREATE TABLE `tb_materials` (
  `material_id` int(11) NOT NULL AUTO_INCREMENT,
  `category_material_id` int(11) DEFAULT NULL,
  `material_no` varchar(50) DEFAULT NULL,
  `material_name` varchar(255) DEFAULT NULL,
  `material_type` varchar(255) DEFAULT NULL,
  `description` varchar(255) DEFAULT NULL,
  `unit` varchar(255) DEFAULT NULL,
  `stock` int(11) DEFAULT '0',
  `min_stock` int(11) DEFAULT '0',
  `created_at` datetime DEFAULT NULL,
  `created_log` varchar(255) DEFAULT NULL,
  `updated_at` datetime DEFAULT NULL,
  `updated_log` varchar(255) DEFAULT NULL,
  PRIMARY KEY (`material_id`) USING BTREE,
  KEY `FK_tb_materials_tb_categories_materials` (`category_material_id`) USING BTREE,
  CONSTRAINT `FK_tb_materials_tb_categories_materials` FOREIGN KEY (`category_material_id`) REFERENCES `tb_category_materials` (`category_id`)
) ENGINE=InnoDB AUTO_INCREMENT=407 DEFAULT CHARSET=latin1;
/*!40101 SET character_set_client = @saved_cs_client */;

--
-- Dumping data for table `tb_materials`
--

LOCK TABLES `tb_materials` WRITE;
/*!40000 ALTER TABLE `tb_materials` DISABLE KEYS */;
INSERT INTO `tb_materials` VALUES (1,1,'A0001','Acco fastener','Variabel','','Pack',5,1,NULL,NULL,NULL,NULL),(2,1,'A0002','Amplop coklat F4 polos','Variabel','','Pcs',485,200,NULL,NULL,NULL,NULL),(3,1,'A0003','Amplop coklat F4 AICC','Variabel','','Pcs',582,170,NULL,NULL,NULL,NULL),(4,1,'A0004','Amplop putih polos','Variabel','','Pcs',377,200,NULL,NULL,NULL,NULL),(5,1,'A0005','Amplop putih AICC','Variabel','','Pcs',170,200,NULL,NULL,NULL,NULL),(6,1,'A0006','Amplop coklat A3','Variabel','','Pcs',153,1,NULL,NULL,NULL,NULL),(7,1,'A0007','Akaline AA','Variabel','','Pcs',47,12,NULL,NULL,NULL,NULL),(8,1,'A0008','Akaline AAA','Variabel','','Pcs',33,12,NULL,NULL,NULL,NULL),(9,1,'A0009','Battery ABC besar','Variabel','','Pcs',5,3,NULL,NULL,NULL,NULL),(10,1,'A0010','Battery ABC tanggung','Variabel','','Pcs',11,2,NULL,NULL,NULL,NULL),(11,1,'A0011','Battery 9 volt','Variabel','','Pcs',1,3,NULL,NULL,NULL,NULL),(12,1,'A0012','Binder cleap 105','Variabel','','Box',0,14,NULL,NULL,NULL,NULL),(13,1,'A0013','Binder cleap 107','Variabel','','Box',42,24,NULL,NULL,NULL,NULL),(14,1,'A0014','Binder cleap 111','Variabel','','Box',19,10,NULL,NULL,NULL,NULL),(15,1,'A0015','Binder cleap 155','Variabel','','Box',35,10,NULL,NULL,NULL,NULL),(16,1,'A0016','Binder cleap 200','Variabel','','Box',11,2,NULL,NULL,NULL,NULL),(17,1,'A0017','Binder cleap 260','Variabel','','Box',17,2,NULL,NULL,NULL,NULL),(18,1,'A0018','Buku Oktapo','Variabel','','Pcs',12,2,NULL,NULL,NULL,NULL),(19,1,'A0019','Box file','Fix','','Pcs',13,2,NULL,NULL,NULL,NULL),(20,1,'A0020','Buku Folio','Variabel','','Pcs',1,8,NULL,NULL,NULL,NULL),(21,1,'A0021','Buku Quarto','Variabel','','Pcs',23,6,NULL,NULL,NULL,NULL),(22,1,'A0022','Buku Expedisi','Variabel','','Pcs',4,1,NULL,NULL,NULL,NULL),(23,1,'A0023','Business file F4','Variabel','','Pcs',90,15,NULL,NULL,NULL,NULL),(24,1,'A0024','Card case A3','Fix','','Pcs',20,7,NULL,NULL,NULL,NULL),(25,1,'A0025','Card case A4','Fix','','Pcs',12,4,NULL,NULL,NULL,NULL),(26,1,'A0026','Cartidge Epson LQ 2190','Variabel','','Pcs',4,2,NULL,NULL,NULL,NULL),(27,1,'A0027','Cartidge Epson Lx 300','Variabel','','Pcs',2,1,NULL,NULL,NULL,NULL),(28,1,'A0028','Clear holder CH 60','Variabel','','Pcs',7,3,NULL,NULL,NULL,NULL),(29,1,'A0029','Cleap bord Triplex','Variabel','','Pcs',4,4,NULL,NULL,NULL,NULL),(30,1,'A0030','Continous form 3 ply 9.5 X 11\'\'','Variabel','','Dus',1,1,NULL,NULL,NULL,NULL),(31,1,'A0031','Cutter besar L500','Fix','','Pcs',6,4,NULL,NULL,NULL,NULL),(32,1,'A0032','Cutter kecil A 300','Fix','','Pcs',13,4,NULL,NULL,NULL,NULL),(33,1,'A0033','Doble tape 3 M','Fix','','Pcs',4,1,NULL,NULL,NULL,NULL),(34,1,'A0034','Doble tape 1\"','Fix','','Roll',8,3,NULL,NULL,NULL,NULL),(35,1,'A0035','Dymo embosing black','Fix','','Roll',12,1,NULL,NULL,NULL,NULL),(36,1,'A0036','Dymo embosing blue','Fix','','Roll',13,1,NULL,NULL,NULL,NULL),(37,1,'A0037','Gunting','Fix','','Pcs',14,2,NULL,NULL,NULL,NULL),(38,1,'A0038','Index tabs','Fix','','Pack',15,3,NULL,NULL,NULL,NULL),(39,1,'A0039','Isi cutter kecil','Variabel','','Box',19,12,NULL,NULL,NULL,NULL),(40,1,'A0040','Isi cutter besar','Variabel','','Box',13,12,NULL,NULL,NULL,NULL),(41,1,'A0041','Isi pensil','Variabel','','Box',3,2,NULL,NULL,NULL,NULL),(42,1,'A0042','Isi pulpen  biru','Variabel','','Pack',0,10,NULL,NULL,NULL,NULL),(43,1,'A0043','Isi pulpen  hitam','Variabel','','Pack',28,12,NULL,NULL,NULL,NULL),(44,1,'A0044','Isi pulpen  merah','Fix','','Pack',0,1,NULL,NULL,NULL,NULL),(45,1,'A0045','Isi pulpen BIC hijau','Fix','','Pcs',0,1,NULL,NULL,NULL,NULL),(46,1,'A0046','Isi staples no 10','Variabel','','Box',31,20,NULL,NULL,NULL,NULL),(47,1,'A0047','Isi staples no 3','Variabel','','Box',6,1,NULL,NULL,NULL,NULL),(48,1,'A0048','Kertas A3 70 g','Variabel','','Rim',17,12,NULL,NULL,NULL,NULL),(49,1,'A0049','Kertas A4 putih 70 g','Variabel','','Rim',26,50,NULL,NULL,NULL,NULL),(50,1,'A0050','Kertas A4  biru','Variabel','','Rim',11,4,NULL,NULL,NULL,NULL),(51,1,'A0051','Kertas A4 hijau','Variabel','','Rim',16,4,NULL,NULL,NULL,NULL),(52,1,'A0052','Kertas A4 kuning','Variabel','','Rim',11,10,NULL,NULL,NULL,NULL),(53,1,'A0053','Kertas A4 merah','Variabel','','Rim',15,1,NULL,NULL,NULL,NULL),(54,1,'A0054','Kertas Continous form 5 ply 9.5x12\'\'','Fix','','Pcs',1,1,NULL,NULL,NULL,NULL),(55,1,'A0055','Kertas asturo kuning','Fix','','Pcs',0,1,NULL,NULL,NULL,NULL),(56,1,'A0056','Kertas F4 70 g','Variabel','','Rim',5,4,NULL,NULL,NULL,NULL),(57,1,'A0057','Kertas roll fax','Fix','','Roll',3,1,NULL,NULL,NULL,NULL),(58,1,'A0058','Kertas roll struk 58 X 48','Fix','','Roll',9,2,NULL,NULL,NULL,NULL),(59,1,'A0059','Kop surat A4 80 g','Variabel','','Rim',6,4,NULL,NULL,NULL,NULL),(60,1,'A0060','Lakban bening 1\"','Variabel','','Roll',15,2,NULL,NULL,NULL,NULL),(61,1,'A0061','Lakban bening 2\"','Variabel','','Roll',9,2,NULL,NULL,NULL,NULL),(62,1,'A0062','Lakban hitam 1\"','Variabel','','Roll',2,2,NULL,NULL,NULL,NULL),(63,1,'A0063','Lakban hitam 2\"','Variabel','','Roll',11,2,NULL,NULL,NULL,NULL),(64,1,'A0064','Laser pointer AURORA','Fix','','Pcs',1,1,NULL,NULL,NULL,NULL),(65,1,'A0065','Lem kertas','Variabel','','Pcs',4,6,NULL,NULL,NULL,NULL),(66,1,'A0066','Letter daichi F4','Variabel','','Pcs',120,76,NULL,NULL,NULL,NULL),(67,1,'A0067','Magnet bord 20 mm','Fix','','Pcs',32,7,NULL,NULL,NULL,NULL),(68,1,'A0068','Magnet bord 30 mm','Fix','','Pcs',8,7,NULL,NULL,NULL,NULL),(69,1,'A0069','Magnet bord 40 mm','Fix','','Pcs',15,2,NULL,NULL,NULL,NULL),(70,1,'A0070','Mouse logiteck','Variabel','','Pcs',0,3,NULL,NULL,NULL,NULL),(71,1,'A0071','Mouse PAD','Fix','','Pcs',0,3,NULL,NULL,NULL,NULL),(72,1,'A0072','Mouse wireless','Fix','','Pcs',2,1,NULL,NULL,NULL,NULL),(73,1,'A0073','OHP pen biru','Variabel','','Pcs',13,6,NULL,NULL,NULL,NULL),(74,1,'A0074','OHP pen merah','Variabel','','Pcs',10,6,NULL,NULL,NULL,NULL),(75,1,'A0075','OHP pen hitm','Variabel','','Pcs',21,6,NULL,NULL,NULL,NULL),(76,1,'A0076','Ordner A3  ','Fix','','Pcs',3,3,NULL,NULL,NULL,NULL),(77,1,'A0077','Ordner F4 hitam','Variabel','','Pcs',12,16,NULL,NULL,NULL,NULL),(78,1,'A0078','Ordner F4  biru','Variabel','','Pcs',8,11,NULL,NULL,NULL,NULL),(79,1,'A0079','Ordner A5 kwetansi','Fix','','Pcs',2,1,NULL,NULL,NULL,NULL),(80,1,'A0080','Ordner A3 hitam','Fix','','Pcs',0,1,NULL,NULL,NULL,NULL),(81,1,'A0081','Paku payung','Fix','','Pcs',0,1,NULL,NULL,NULL,NULL),(82,1,'A0082','Pust pin','Fix','','Pack',4,4,NULL,NULL,NULL,NULL),(83,1,'A0083','Pembatas kertas','Variabel','','Pack',0,4,NULL,NULL,NULL,NULL),(84,1,'A0084','Pembolong kertas kecil','Fix','','Pcs',0,1,NULL,NULL,NULL,NULL),(85,1,'A0085','Pembolong kertas sedang','Fix','','Pcs',1,1,NULL,NULL,NULL,NULL),(86,1,'A0086','Pembolong kertas besar','Fix','','Pcs',6,1,NULL,NULL,NULL,NULL),(87,1,'A0087','Penggaris besi 30 cm','Fix','','Pcs',5,1,NULL,NULL,NULL,NULL),(88,1,'A0088','Penggaris plastik','Fix','','Pcs',0,6,NULL,NULL,NULL,NULL),(89,1,'A0089','Penggaris besi 15 cm','Fix','','Pcs',4,1,NULL,NULL,NULL,NULL),(90,1,'A0090','Penghapus pensil','Fix','','Pcs',0,2,NULL,NULL,NULL,NULL),(91,1,'A0091','Penghapus bord','Fix','','Pcs',2,2,NULL,NULL,NULL,NULL),(92,1,'A0092','Pensil mekanik','Variabel','','Pcs',9,2,NULL,NULL,NULL,NULL),(93,1,'A0093','Pita AMANO','Fix','','Pcs',2,1,NULL,NULL,NULL,NULL),(94,1,'A0094','pita CASIO','Fix','','Pcs',3,1,NULL,NULL,NULL,NULL),(95,1,'A0095','Pita TIK swallow','Fix','','Pcs',0,1,NULL,NULL,NULL,NULL),(96,1,'A0096','Pita print OKI','Fix','','Pcs',3,1,NULL,NULL,NULL,NULL),(97,1,'A0097','Plastik laminating  A4','Variabel','','Pcs',504,150,NULL,NULL,NULL,NULL),(98,1,'A0098','Plastik laminating A3','Variabel','','Pcs',357,150,NULL,NULL,NULL,NULL),(99,1,'A0099','Plastik mika A4','Fix','','Pcs',227,1,NULL,NULL,NULL,NULL),(100,1,'A0100','Plastik yusika A4','Fix','','Pcs',0,1,NULL,NULL,NULL,NULL),(101,1,'A0101','Plastik poket A3 ','Variabel','','Pcs',350,100,NULL,NULL,NULL,NULL),(102,1,'A0102','Plastik poket A4','Variabel','','Pcs',245,200,NULL,NULL,NULL,NULL),(103,1,'A0103','P. transparancy film','Fix','','Pcs',7,1,NULL,NULL,NULL,NULL),(104,1,'A0104','P0st it kecil 653','Variabel','','Pcs',23,12,NULL,NULL,NULL,NULL),(105,1,'A0105','Post it sedang 656','Variabel','','Pcs',30,12,NULL,NULL,NULL,NULL),(106,1,'A0106','Post it besar 654','Variabel','','Pcs',3,12,NULL,NULL,NULL,NULL),(107,1,'A0107','Pulpen hitam','Variabel','','Pcs',398,36,NULL,NULL,NULL,NULL),(108,1,'A0108','Pulpen biru','Variabel','','Pcs',366,36,NULL,NULL,NULL,NULL),(109,1,'A0109','Pulpen merah','Fix','','Pcs',13,2,NULL,NULL,NULL,NULL),(110,1,'A0110','Refill Bordmarker biru','Variabel','','Pcs',0,1,NULL,NULL,NULL,NULL),(111,1,'A0111','Refill Bordmarker merah','Variabel','','Pcs',0,1,NULL,NULL,NULL,NULL),(112,1,'A0112','Refill Bordmarker hitam','Variabel','','Pcs',1,1,NULL,NULL,NULL,NULL),(113,1,'A0113','Rener ring plastik','Fix','','Pack',5,1,NULL,NULL,NULL,NULL),(114,1,'A0114','Spidol bordmarker biru','Variabel','','Pcs',66,24,NULL,NULL,NULL,NULL),(115,1,'A0115','Spidol bordmarker hitam','Variabel','','Pcs',0,24,NULL,NULL,NULL,NULL),(116,1,'A0116','Spidol bordmarker merah','Variabel','','Pcs',3,7,NULL,NULL,NULL,NULL),(117,1,'A0117','Spidol permanen hitam','Variabel','','Pcs',0,2,NULL,NULL,NULL,NULL),(118,1,'A0118','Spidol permanen biru','Variabel','','Pcs',16,1,NULL,NULL,NULL,NULL),(119,1,'A0119','Spidol permanen merah','Variabel','','Pcs',0,1,NULL,NULL,NULL,NULL),(120,1,'A0120','Stabilo biru','Variabel','','Pcs',8,2,NULL,NULL,NULL,NULL),(121,1,'A0121','Stabilo hijau','Variabel','','Pcs',0,1,NULL,NULL,NULL,NULL),(122,1,'A0122','Stabilo kuning','Variabel','','Pcs',13,6,NULL,NULL,NULL,NULL),(123,1,'A0123','Stabilo orange','Variabel','','Pcs',0,1,NULL,NULL,NULL,NULL),(124,1,'A0124','Stabilo Fing','Variabel','','Pcs',11,1,NULL,NULL,NULL,NULL),(125,1,'A0125','Stamp Pad','Variabel','','Pcs',2,1,NULL,NULL,NULL,NULL),(126,1,'A0126','Stapler besar HD 50','Fix','','Pcs',0,1,NULL,NULL,NULL,NULL),(127,1,'A0127','Stapler kecil HD 10','Variabel','','Pcs',7,4,NULL,NULL,NULL,NULL),(128,1,'A0128','Tinta canon 5 PGBK','Fix','','Pcs',0,1,NULL,NULL,NULL,NULL),(129,1,'A0129','Tinta canon PFI 102 BK','Fix','','Pcs',0,1,NULL,NULL,NULL,NULL),(130,1,'A0130','Tinta canon PFI 102 C','Fix','','Pcs',0,1,NULL,NULL,NULL,NULL),(131,1,'A0131','Tinta canon 47 Black','Fix','','Pcs',3,1,NULL,NULL,NULL,NULL),(132,1,'A0132','Tinta canon 57 color','Fix','','Pcs',1,1,NULL,NULL,NULL,NULL),(133,1,'A0133','Tinta Hp 60 Color','Variabel','','Pcs',0,1,NULL,NULL,NULL,NULL),(134,1,'A0134','Tinta Hp 60 black','Variabel','','Pcs',0,1,NULL,NULL,NULL,NULL),(135,1,'A0135','Tinta stamp otomatik biru','Fix','','Pcs',0,2,NULL,NULL,NULL,NULL),(136,1,'A0136','Tinta stamp otomatik hitam','Fix','','Pcs',1,2,NULL,NULL,NULL,NULL),(137,1,'A0137','Tinta stamp otomatik merah','Fix','','Pcs',0,2,NULL,NULL,NULL,NULL),(138,1,'A0138','Tinta stamp otomatik hijau','Fix','','Pcs',0,2,NULL,NULL,NULL,NULL),(139,1,'A0139','Tinta stamp pyramid biru','Variabel','','Pcs',1,1,NULL,NULL,NULL,NULL),(140,1,'A0140','Tinta stamp pyramid merah','Fix','','Pcs',2,2,NULL,NULL,NULL,NULL),(141,1,'A0141','Tinta trodat biru','Variabel','','Pcs',30,2,NULL,NULL,NULL,NULL),(142,1,'A0142','Tipe X ','Variabel','','Pcs',26,17,NULL,NULL,NULL,NULL),(143,1,'A0143','Trigonal cleap','Variabel','','Pcs',17,10,NULL,NULL,NULL,NULL),(144,1,'A0144','Tinta conan 745 black','Fix','','Pcs',0,1,NULL,NULL,NULL,NULL),(145,1,'A0145','Tinta conan 746 color','Fix','','Pcs',0,1,NULL,NULL,NULL,NULL),(146,1,'A0146','Tinta canon 810 Black','Variabel','','Pcs',0,2,NULL,NULL,NULL,NULL),(147,1,'A0147','Tinta canon 811 color','Variabel','','Pcs',0,1,NULL,NULL,NULL,NULL),(148,1,'A0148','Keyboard computer','Fix','','Pcs',0,1,NULL,NULL,NULL,NULL),(149,1,'A0149','CARD CASE ID','Fix','','Pcs',0,1,NULL,NULL,NULL,NULL),(150,1,'A0150','Tinta Hp 802 Black','Fix','','Pcs',0,2,NULL,NULL,NULL,NULL),(151,1,'A0151','Tag name','Fix','','Pcs',0,1,NULL,NULL,NULL,NULL),(152,1,'A0152','BPB','Variabel','','Buku',40,14,NULL,NULL,NULL,NULL),(153,1,'A0153','BPSP','Variabel','','Buku',37,10,NULL,NULL,NULL,NULL),(154,1,'A0154','PRS ','Variabel','','Buku',25,10,NULL,NULL,NULL,NULL),(155,1,'A0155','PRS  EMERZENSI','Variabel','','Buku',12,10,NULL,NULL,NULL,NULL),(156,1,'A0156','LPB VERTIKAL 2 play','Variabel','','Buku',56,17,NULL,NULL,NULL,NULL),(157,1,'A0157','LPB HZ / SURAT JALAN 6 play','Variabel','','Buku',48,20,NULL,NULL,NULL,NULL),(158,1,'A0158',' LPB 3 Play','Variabel','','Buku',0,1,NULL,NULL,NULL,NULL),(159,1,'A0159','SPPB','Variabel','','Buku',56,14,NULL,NULL,NULL,NULL),(160,1,'A0160','TTD','Variabel','','Buku',29,16,NULL,NULL,NULL,NULL),(161,1,'A0161','BON HIJAU','Variabel','','Buku',32,19,NULL,NULL,NULL,NULL),(162,1,'A0162','Kartu Stock','Variabel','','Buku',200,134,NULL,NULL,NULL,NULL),(163,1,'A0163','SPI','Variabel','','Buku',54,12,NULL,NULL,NULL,NULL),(164,1,'A0164','RED TAG','Fix','','Pcs',100,1,NULL,NULL,NULL,NULL),(165,1,'A0165','Kertas Timbangan','Fix','','Dus',10,1,NULL,NULL,NULL,NULL),(166,1,'A0166','BAPL','Fix','','Pcs',33,1,NULL,NULL,NULL,NULL),(167,1,'A0167','Pita epson ERC-09','Fix','','Pcs',2,1,NULL,NULL,NULL,NULL),(168,1,'A0168','Pita Ribbon ERC-05','Fix','','Pcs',2,1,NULL,NULL,NULL,NULL),(169,1,'A0169','Bon sementara','Fix','','Pcs',35,30,NULL,NULL,NULL,NULL),(170,1,'A0170','Tinta Hp 802 Color','Fix','','Pcs',4,1,NULL,NULL,NULL,NULL),(171,1,'A0171','Spidol permanen hijau','Fix','','Pcs',0,1,NULL,NULL,NULL,NULL),(172,1,'A0172','Jam aklirik','Fix','','Pcs',0,1,NULL,NULL,NULL,NULL),(173,1,'A0173','Numeric keypad','Fix','','Pcs',1,1,NULL,NULL,NULL,NULL),(174,1,'A0174','Lampu lalin','Fix','','Pcs',0,1,NULL,NULL,NULL,NULL),(175,1,'A0175','Pita amano PR600 original','Fix','','Pcs',0,1,NULL,NULL,NULL,NULL),(176,1,'A0176','Calculator SDC868L','Fix','','Pcs',0,1,NULL,NULL,NULL,NULL),(177,1,'A0177','Batre A 27','Fix','','Pcs',0,1,NULL,NULL,NULL,NULL),(178,1,'A0178','Tinta Epson 005 Black','Fix','','Pcs',9,2,NULL,NULL,NULL,NULL),(179,1,'A0179','Tinta Epson 664 Black','Fix','','Pcs',3,2,NULL,NULL,NULL,NULL),(180,1,'A0180','Tinta canon Pixma 790 Y','Fix','','Pcs',2,1,NULL,NULL,NULL,NULL),(181,1,'A0181','Tinta canon Pixma 790 M','Fix','','Pcs',2,1,NULL,NULL,NULL,NULL),(182,1,'A0182','Tinta canon Pixma 790 C','Fix','','Pcs',2,3,NULL,NULL,NULL,NULL),(183,1,'A0183','Tinta canon 790 Black','Fix','','Pack',4,1,NULL,NULL,NULL,NULL),(184,1,'A0184','Toner HP 107 A Black','Fix','','Pcs',0,1,NULL,NULL,NULL,NULL),(185,1,'A0185','EPSON LQ 310','Fix','','Pcs',4,3,NULL,NULL,NULL,NULL),(186,1,'A0186','Pen stylus','Fix','','PCS',55,20,NULL,NULL,NULL,NULL),(187,2,'C0001','Ambipure refill ','Fix','','Pcs',6,4,NULL,NULL,NULL,NULL),(188,2,'C0002','Ambipure. Tempat','Fix','','Pcs',1,1,NULL,NULL,NULL,NULL),(189,2,'C0003','Air meneral  330 ml','Variabel','','Pcs',4,440,NULL,NULL,NULL,NULL),(190,2,'C0004','Auto spay','Fix','','Pcs',0,3,NULL,NULL,NULL,NULL),(191,2,'C0005','Baigon spay','Fix','','Pcs',11,2,NULL,NULL,NULL,NULL),(192,2,'C0006','Busa cuci mobil','Fix','','Pcs',5,2,NULL,NULL,NULL,NULL),(193,2,'C0007','Busa cuci piring / Spong','Fix','','Pcs',22,3,NULL,NULL,NULL,NULL),(194,2,'C0008','Cling botol','Fix','','Pcs',9,2,NULL,NULL,NULL,NULL),(195,2,'C0009','Cling refill','Fix','','Pcs',13,5,NULL,NULL,NULL,NULL),(196,2,'C0010','Coca cola','Fix','','Pcs',0,4,NULL,NULL,NULL,NULL),(197,2,'C0011','Colokan 2 Ke 3','Fix','','Pcs',0,1,NULL,NULL,NULL,NULL),(198,2,'C0012','Daia detergen','Fix','','Pcs',8,2,NULL,NULL,NULL,NULL),(199,2,'C0013','Ember','Fix','','Pcs',2,2,NULL,NULL,NULL,NULL),(200,2,'C0014','Gas LPG','Fix','','Pcs',10,4,NULL,NULL,NULL,NULL),(201,2,'C0015','Glass plastik','Fix','','Pcs',71,6,NULL,NULL,NULL,NULL),(202,2,'C0016','Gula putih','Variabel','','Kg',162,100,NULL,NULL,NULL,NULL),(203,2,'C0017','Hand soap','Variabel','','Pcs',21,10,NULL,NULL,NULL,NULL),(204,2,'C0018','Jaliken','Fix','','Pcs',0,1,NULL,NULL,NULL,NULL),(205,2,'C0019','Kabel roll','Fix','','Pcs',2,1,NULL,NULL,NULL,NULL),(206,2,'C0020','Kain loby . Batang','Fix','','Pcs',7,2,NULL,NULL,NULL,NULL),(207,2,'C0021','Kain loby refill','Variabel','','Pcs',13,9,NULL,NULL,NULL,NULL),(208,2,'C0022','Kain pel nagata','Fix','','Pcs',0,4,NULL,NULL,NULL,NULL),(209,2,'C0023','Kamper','Variabel','','Pcs',12,15,NULL,NULL,NULL,NULL),(210,2,'C0024','Kanebo','Fix','','Pcs',1,1,NULL,NULL,NULL,NULL),(211,2,'C0025','Karet pembersih kaca','Fix','','Pcs',6,1,NULL,NULL,NULL,NULL),(212,2,'C0026','Kemoceng','Fix','','Pcs',0,1,NULL,NULL,NULL,NULL),(213,2,'C0027','KIT Semir ban refiil','Fix','','Pcs',16,11,NULL,NULL,NULL,NULL),(214,2,'C0028','Kombinasi listrik T','Fix','','Pcs',4,2,NULL,NULL,NULL,NULL),(215,2,'C0029','Kopi nescape/Indocafe','Variabel','','Pcs',14,10,NULL,NULL,NULL,NULL),(216,2,'C0030','Kran  dispenser','Fix','','Pcs',6,5,NULL,NULL,NULL,NULL),(217,2,'C0031','Kupon lembur','Fix','','Pcs',0,10,NULL,NULL,NULL,NULL),(218,2,'C0032','Lampu Philiph TL','Fix','','Pcs',7,6,NULL,NULL,NULL,NULL),(219,2,'C0033','Lampu Philiph U','Fix','','Pcs',0,5,NULL,NULL,NULL,NULL),(220,2,'C0034','Multi cleaner','Fix','','Pcs',59,20,NULL,NULL,NULL,NULL),(221,2,'C0035','Masker hijau','Variabel','','Pcs',177,500,NULL,NULL,NULL,NULL),(222,2,'C0036','Max creamer','Fix','','Pcs',0,4,NULL,NULL,NULL,NULL),(223,2,'C0037','Molto/softener','Fix','','Pcs',0,2,NULL,NULL,NULL,NULL),(224,2,'C0038','Payung','Fix','','Pcs',9,4,NULL,NULL,NULL,NULL),(225,2,'C0039','Pel karet','Fix','','Pcs',4,3,NULL,NULL,NULL,NULL),(226,2,'C0040','Plastik kresek','Variabel','','Pack',20,5,NULL,NULL,NULL,NULL),(227,2,'C0041','Prestine','Fix','','Pcs',99,48,NULL,NULL,NULL,NULL),(228,2,'C0042','Vixal/WPC porselen','Variabel','','Pcs',32,24,NULL,NULL,NULL,NULL),(229,2,'C0043','Sabun crem','Variabel','','Pcs',1765,400,NULL,NULL,NULL,NULL),(230,2,'C0044','Sampo Car','Fix','','Pcs',6,2,NULL,NULL,NULL,NULL),(231,2,'C0045','Sandal slop karet','Fix','','Pcs',0,3,NULL,NULL,NULL,NULL),(232,2,'C0046','Sapu injuk','Fix','','Pcs',5,1,NULL,NULL,NULL,NULL),(233,2,'C0047','Sapu lidi','Fix','','Pcs',0,2,NULL,NULL,NULL,NULL),(234,2,'C0048','Sapu nagata','Fix','','Pcs',3,1,NULL,NULL,NULL,NULL),(235,2,'C0049','Serokan / pengki','Fix','','Pcs',2,2,NULL,NULL,NULL,NULL),(236,2,'C0050','Sikat gagang','Fix','','Pcs',20,5,NULL,NULL,NULL,NULL),(237,2,'C0051','Sikat W C','Fix','','Pcs',0,1,NULL,NULL,NULL,NULL),(238,2,'C0052','Soklin Fresly','Fix','','Pcs',0,1,NULL,NULL,NULL,NULL),(239,2,'C0053','Soklin lantai','Variabel','','Pcs',13,20,NULL,NULL,NULL,NULL),(240,2,'C0054','Stela matic refill','Fix','','Pcs',3,2,NULL,NULL,NULL,NULL),(241,2,'C0055','Stela spay','Fix','','Pcs',13,5,NULL,NULL,NULL,NULL),(242,2,'C0056','Sunligh / mama lemon','Variabel','','Pcs',25,5,NULL,NULL,NULL,NULL),(243,2,'C0057','Teh','Variabel','','Pcs',94,90,NULL,NULL,NULL,NULL),(244,2,'C0058','Teko plastik','Fix','','Pcs',10,8,NULL,NULL,NULL,NULL),(245,2,'C0059','Tempat sampah','Fix','','Pcs',0,10,NULL,NULL,NULL,NULL),(246,2,'C0060','Stater philiph S 10','Fix','','Pcs',11,6,NULL,NULL,NULL,NULL),(247,2,'C0061','Teh Sariwangi / Sosro','Fix','','Pcs',17,3,NULL,NULL,NULL,NULL),(248,2,'C0062','Tisu Basah','Fix','','Pcs',1,1,NULL,NULL,NULL,NULL),(249,2,'C0063','Tisue box (halus)','Variabel','','Box',61,9,NULL,NULL,NULL,NULL),(250,2,'C0064','Tisue box (kasar)','Variabel','','Box',175,30,NULL,NULL,NULL,NULL),(251,2,'C0065','Tisue roll','Variabel','','Roll',540,190,NULL,NULL,NULL,NULL),(252,2,'C0066','Wipol','Variabel','','Pcs',6,12,NULL,NULL,NULL,NULL),(253,2,'C0067','Tali Helm','Variabel','','Pcs',0,100,NULL,NULL,NULL,NULL),(254,2,'C0068','Hardness Helm','Variabel','','Pcs',0,41,NULL,NULL,NULL,NULL),(255,2,'C0069','Bodrek F & B','Fix','','Pcs',220,100,NULL,NULL,NULL,NULL),(256,2,'C0070','Bodrek ','Fix','','Pcs',1500,400,NULL,NULL,NULL,NULL),(257,2,'C0071','Balsem','Fix','','Pcs',39,12,NULL,NULL,NULL,NULL),(258,2,'C0072','Betadine','Fix','','Pcs',41,12,NULL,NULL,NULL,NULL),(259,2,'C0073','Bigeik','Fix','','Pcs',0,1,NULL,NULL,NULL,NULL),(260,2,'C0074','Bioplaceton','Fix','','Pcs',8,2,NULL,NULL,NULL,NULL),(261,2,'C0075','Canterpene','Fix','','Pcs',0,12,NULL,NULL,NULL,NULL),(262,2,'C0076','Decolgen','Fix','','Pcs',0,1,NULL,NULL,NULL,NULL),(263,2,'C0077','Diapet','Fix','','Pcs',100,96,NULL,NULL,NULL,NULL),(264,2,'C0078','Entrostop','Fix','','Pack',38,6,NULL,NULL,NULL,NULL),(265,2,'C0079','kain kasa','Fix','','Pcs',0,1,NULL,NULL,NULL,NULL),(266,2,'C0080','Komix','Fix','','Pcs',183,70,NULL,NULL,NULL,NULL),(267,2,'C0081','Konidin','Fix','','Pcs',100,64,NULL,NULL,NULL,NULL),(268,2,'C0082','Minyak kayu putih','Fix','','Pcs',56,12,NULL,NULL,NULL,NULL),(269,2,'C0083','Procol','Fix','','Pcs',0,1,NULL,NULL,NULL,NULL),(270,2,'C0084','Paramex','Fix','','Pcs',0,100,NULL,NULL,NULL,NULL),(271,2,'C0085','Promagh','Fix','','Pack',37,11,NULL,NULL,NULL,NULL),(272,2,'C0086','Perban roll','Fix','','Pcs',0,1,NULL,NULL,NULL,NULL),(273,2,'C0087','Panadol','Fix','','Pcs',0,1,NULL,NULL,NULL,NULL),(274,2,'C0088','Handsaplas','Fix','','Pcs',300,80,NULL,NULL,NULL,NULL),(275,2,'C0089','Insto','Fix','','Pcs',39,15,NULL,NULL,NULL,NULL),(276,2,'C0090','Mixagrip','Fix','','Pcs',220,96,NULL,NULL,NULL,NULL),(277,2,'C0091','Stela gantung','Fix','','Pcs',3,4,NULL,NULL,NULL,NULL),(278,2,'C0092','Gula Sachet','Fix','','Pcs',0,200,NULL,NULL,NULL,NULL),(279,2,'C0093','Bayclean','Fix','','Pcs',17,24,NULL,NULL,NULL,NULL),(280,2,'C0094','Jam ding ding','Fix','','Pcs',7,1,NULL,NULL,NULL,NULL),(281,2,'C0095','Es kristal','Fix','','Bag',0,1,NULL,NULL,NULL,NULL),(282,2,'C0096','Pompa kloset tarikan','Fix','','Pcs',0,1,NULL,NULL,NULL,NULL),(283,2,'C0097','Pisau mesin P rumput','Fix','','Pcs',0,4,NULL,NULL,NULL,NULL),(284,2,'C0098','Oli 2 Tak','Fix','','Pcs',0,0,NULL,NULL,NULL,NULL),(285,2,'C0099','Sanar P rumput','Fix','','Pcs',0,4,NULL,NULL,NULL,NULL),(286,2,'C0100','Lap serbet','Fix','','Pcs',0,1,NULL,NULL,NULL,NULL),(287,2,'C0101','Glass B 20N','Fix','','Pcs',20,12,NULL,NULL,NULL,NULL),(288,2,'C0102','Eye flush','Fix','','Pcs',0,1,NULL,NULL,NULL,NULL),(289,2,'C0103','Keset kain','Fix','','Pcs',0,6,NULL,NULL,NULL,NULL),(290,2,'C0104','Gayung','Fix','','Pcs',3,1,NULL,NULL,NULL,NULL),(291,2,'C0105','Pocari sweat','Fix','','Pcs',90,72,NULL,NULL,NULL,NULL),(292,2,'C0106','Philips LED 12 Watt','Fix','','Pcs',17,4,NULL,NULL,NULL,NULL),(293,2,'C0107','Sapu sawang','Fix','','Pcs',5,6,NULL,NULL,NULL,NULL),(294,2,'C0108','Hand sanitizer','Fix','','Ltr',0,10,NULL,NULL,NULL,NULL),(295,2,'C0109','Sarung tangan karet','Fix','','Pack',4,3,NULL,NULL,NULL,NULL),(296,2,'C0110','Rinso cair','Fix','','PCS',68,30,NULL,NULL,NULL,NULL),(297,2,'C0111','Botol hansoap','Fix','','PCS',8,5,NULL,NULL,NULL,NULL),(298,2,'C0112','Biore guard','Fix','','PCS',30,10,NULL,NULL,NULL,NULL),(299,2,'C0113','Face shield','Fix','','PCS',8,2,NULL,NULL,NULL,NULL),(300,2,'C0114','Jahe','Fix','','PCS',0,20,NULL,NULL,NULL,NULL),(301,2,'C0115','Gula merah','Fix','','PCS',0,50,NULL,NULL,NULL,NULL),(302,3,'U0001','CELANA no:  27','Fix','','Pcs',0,20,NULL,NULL,NULL,NULL),(303,3,'U0002','CELANA no:  28','Fix','','Pcs',0,20,NULL,NULL,NULL,NULL),(304,3,'U0003','CELANA no:  29','Fix','','Pcs',0,20,NULL,NULL,NULL,NULL),(305,3,'U0004','CELANA no:  30','Fix','','Pcs',19,20,NULL,NULL,NULL,NULL),(306,3,'U0005','CELANA no:  31','Fix','','Pcs',27,40,NULL,NULL,NULL,NULL),(307,3,'U0006','CELANA no:  32','Fix','','Pcs',21,40,NULL,NULL,NULL,NULL),(308,3,'U0007','CELANA no:  33','Fix','','Pcs',24,40,NULL,NULL,NULL,NULL),(309,3,'U0008','CELANA no:  34','Fix','','Pcs',1,40,NULL,NULL,NULL,NULL),(310,3,'U0009','CELANA no:  35','Fix','','Pcs',14,40,NULL,NULL,NULL,NULL),(311,3,'U0010','CELANA no:  36','Fix','','Pcs',8,30,NULL,NULL,NULL,NULL),(312,3,'U0011','CELANA no:  37','Fix','','Pcs',24,30,NULL,NULL,NULL,NULL),(313,3,'U0012','CELANA no:  38','Fix','','Pcs',0,20,NULL,NULL,NULL,NULL),(314,3,'U0013','CELANA no:  39','Fix','','Pcs',0,20,NULL,NULL,NULL,NULL),(315,3,'U0014','CELANA no:  40','Fix','','Pcs',1,20,NULL,NULL,NULL,NULL),(316,3,'U0015','CELANA no:  41','Fix','','Pcs',22,20,NULL,NULL,NULL,NULL),(317,3,'U0016','CELANA no:  42','Fix','','Pcs',30,20,NULL,NULL,NULL,NULL),(318,3,'U0017','Kaos ukuran S','Fix','','Pcs',13,20,NULL,NULL,NULL,NULL),(319,3,'U0018','Kaos ukuran M','Fix','','Pcs',72,40,NULL,NULL,NULL,NULL),(320,3,'U0019','Kaos ukuran L','Fix','','Pcs',53,40,NULL,NULL,NULL,NULL),(321,3,'U0020','Kaos ukuran XL','Fix','','Pcs',12,40,NULL,NULL,NULL,NULL),(322,3,'U0021','Kaos ukuran XXL','Fix','','Pcs',17,20,NULL,NULL,NULL,NULL),(323,3,'U0022','Baju tangan pendek uk S','Fix','','Pcs',0,6,NULL,NULL,NULL,NULL),(324,3,'U0023','Baju tangan pendek uk M','Fix','','Pcs',11,20,NULL,NULL,NULL,NULL),(325,3,'U0024','Baju tangan pendek uk L','Fix','','Pcs',25,10,NULL,NULL,NULL,NULL),(326,3,'U0025','Baju tangan pendek uk XL','Fix','','Pcs',6,20,NULL,NULL,NULL,NULL),(327,3,'U0026','Baju tangan pendek uk XXL','Fix','','Pcs',1,20,NULL,NULL,NULL,NULL),(328,3,'U0027','Baju tangan panjang uk S','Fix','','Pcs',3,6,NULL,NULL,NULL,NULL),(329,3,'U0028','Baju tangan panjang uk M','Fix','','Pcs',39,60,NULL,NULL,NULL,NULL),(330,3,'U0029','Baju tangan panjang uk L','Fix','','Pcs',9,50,NULL,NULL,NULL,NULL),(331,3,'U0030','Baju tangan panjang uk XL','Fix','','Pcs',32,35,NULL,NULL,NULL,NULL),(332,3,'U0031','Baju tangan panjang uk XXL','Fix','','Pcs',33,5,NULL,NULL,NULL,NULL),(333,3,'U0032','Celana melting Biru uk 29','Fix','','Pcs',2,10,NULL,NULL,NULL,NULL),(334,3,'U0033','Celana melting Biru uk 30','Fix','','Pcs',0,10,NULL,NULL,NULL,NULL),(335,3,'U0034','Celana melting Biru uk 31','Fix','','Pcs',16,10,NULL,NULL,NULL,NULL),(336,3,'U0035','Celana melting Biru uk 32','Fix','','Pcs',9,10,NULL,NULL,NULL,NULL),(337,3,'U0036','Celana melting Biru uk 33','Fix','','Pcs',24,10,NULL,NULL,NULL,NULL),(338,3,'U0037','Celana melting Biru uk 34','Fix','','Pcs',4,10,NULL,NULL,NULL,NULL),(339,3,'U0038','Celana melting Biru uk 35','Fix','','Pcs',3,10,NULL,NULL,NULL,NULL),(340,3,'U0039','Celana melting Biru uk 36','Fix','','Pcs',23,10,NULL,NULL,NULL,NULL),(341,3,'U0040','Celana melting Biru uk 37','Fix','','Pcs',22,10,NULL,NULL,NULL,NULL),(342,3,'U0041','Baju melting Biru uk S','Fix','','Pcs',0,10,NULL,NULL,NULL,NULL),(343,3,'U0042','Baju melting Biru uk M','Fix','','Pcs',15,10,NULL,NULL,NULL,NULL),(344,3,'U0043','Baju melting Biru uk L','Fix','','Pcs',8,20,NULL,NULL,NULL,NULL),(345,3,'U0044','Baju melting Biru uk XL','Fix','','Pcs',21,10,NULL,NULL,NULL,NULL),(346,3,'U0045','Baju melting Biru uk XXL','Fix','','Pcs',22,10,NULL,NULL,NULL,NULL),(347,3,'U0046','Baju melting Biru uk XXXL','Fix','','Pcs',6,10,NULL,NULL,NULL,NULL),(348,3,'U0047','Baju melting Biru uk 17','Fix','','Pcs',0,10,NULL,NULL,NULL,NULL),(349,3,'U0048','Sepatu operator (2180H) No 5','Fix','','Set',2,10,NULL,NULL,NULL,NULL),(350,3,'U0049','Sepatu operator (2180H) No 6','Fix','','Set',18,13,NULL,NULL,NULL,NULL),(351,3,'U0050','Sepatu operator (2180H) No 7','Fix','','Set',41,20,NULL,NULL,NULL,NULL),(352,3,'U0051','Sepatu operator (2180H) No 8','Fix','','Set',36,20,NULL,NULL,NULL,NULL),(353,3,'U0052','Sepatu operator (2180H) No 9','Fix','','Set',19,14,NULL,NULL,NULL,NULL),(354,3,'U0053','Sepatu operator (2180H) No 10','Fix','','Set',18,2,NULL,NULL,NULL,NULL),(355,3,'U0054','Sepatu melting (2291) No 9','Fix','','Set',0,1,NULL,NULL,NULL,NULL),(356,3,'U0055','Sepatu melting (2291) No 10','Fix','','Set',0,1,NULL,NULL,NULL,NULL),(357,3,'U0056','Sepatu wanita (4008) No 35','Fix','','Set',0,1,NULL,NULL,NULL,NULL),(358,3,'U0057','Sepatu wanita (4008) No 36','Fix','','Set',0,1,NULL,NULL,NULL,NULL),(359,3,'U0058','Sepatu wanita (4008) No 37','Fix','','Set',4,1,NULL,NULL,NULL,NULL),(360,3,'U0059','Sepatu wanita (4008) No 38','Fix','','Set',11,1,NULL,NULL,NULL,NULL),(361,3,'U0060','Sepatu wanita (4008) No 39','Fix','','Set',5,1,NULL,NULL,NULL,NULL),(362,3,'U0061','Sepatu wanita ( 4008 )  No 40','Fix','','Set',4,1,NULL,NULL,NULL,NULL),(363,3,'U0062','Helm putih','Fix','','Set',29,10,NULL,NULL,NULL,NULL),(364,3,'U0063','Helm merah','Fix','','Set',42,20,NULL,NULL,NULL,NULL),(365,3,'U0064','Helm hijau','Fix','','Set',32,6,NULL,NULL,NULL,NULL),(366,3,'U0065','Helm kuning','Fix','','Set',0,10,NULL,NULL,NULL,NULL),(367,3,'U0066','Helm biru','Fix','','Set',27,6,NULL,NULL,NULL,NULL),(368,3,'U0067','Helm melting kuning','Fix','','Set',100,12,NULL,NULL,NULL,NULL),(369,3,'U0068','Hardness helm melting','Fix','','Pcs',66,20,NULL,NULL,NULL,NULL),(370,3,'U0069','Sepatu staff (3001H ) No: 5','Fix','','Set',4,1,NULL,NULL,NULL,NULL),(371,3,'U0070','Sepatu staff (3001H ) No 6','Fix','','Set',11,10,NULL,NULL,NULL,NULL),(372,3,'U0071','Sepatu staff (3001H ) No 7','Fix','','Set',15,10,NULL,NULL,NULL,NULL),(373,3,'U0072','Sepatu staff (3001H ) No 8','Fix','','Set',12,10,NULL,NULL,NULL,NULL),(374,3,'U0073','Sepatu staff (3001H ) No 9','Fix','','Set',14,6,NULL,NULL,NULL,NULL),(375,3,'U0074','Sepatu staff (3001H ) No 10','Fix','','Set',14,4,NULL,NULL,NULL,NULL),(376,3,'U0075','Sepatu melting (2290) No 6','Fix','','Set',19,10,NULL,NULL,NULL,NULL),(377,3,'U0076','Sepatu melting (2290) No 7','Fix','','Set',18,10,NULL,NULL,NULL,NULL),(378,3,'U0077','Sepatu melting (2290) No 8','Fix','','Set',26,10,NULL,NULL,NULL,NULL),(379,3,'U0078','Sepatu melting (2290) No 9','Fix','','Set',5,10,NULL,NULL,NULL,NULL),(380,3,'U0079','Sepatu melting (2290) No 10','Fix','','Set',21,10,NULL,NULL,NULL,NULL),(381,3,'U0080','Celana melting Biru uk 38','Fix','','Pcs',19,2,NULL,NULL,NULL,NULL),(382,3,'U0081','Celana melting Biru uk 39','Fix','','Pcs',32,2,NULL,NULL,NULL,NULL),(383,3,'U0082','Celana melting Biru uk 40','Fix','','Pcs',2,2,NULL,NULL,NULL,NULL),(384,3,'U0083','Celana melting Biru uk 41','Fix','','Pcs',10,2,NULL,NULL,NULL,NULL),(385,3,'U0084','Celana melting Biru uk 42','Fix','','Pcs',0,2,NULL,NULL,NULL,NULL),(386,3,'U0085','Celana melting Biru uk 43','Fix','','Pcs',0,2,NULL,NULL,NULL,NULL),(387,3,'U0086','Celana 43','Fix','','Pcs',39,10,NULL,NULL,NULL,NULL),(388,3,'U0087','Celana 44','Fix','','Pcs',11,10,NULL,NULL,NULL,NULL),(389,3,'U0088','Celana 45','Fix','','Pcs',0,10,NULL,NULL,NULL,NULL),(390,3,'U0089','Kaos ukuran XXXL','Fix','','Pcs',13,6,NULL,NULL,NULL,NULL),(391,3,'U0090','Kaos ukuran XXXXL','Fix','','Pcs',11,6,NULL,NULL,NULL,NULL),(392,3,'U0091','Sepatu operator (2180H-M) No 5','Fix','','Pcs',20,3,NULL,NULL,NULL,NULL),(393,3,'U0092','Sepatu operator (2180H-M) No 6','Fix','','Pcs',6,10,NULL,NULL,NULL,NULL),(394,3,'U0093','Sepatu operator (2180H-M) No 7','Fix','','Pcs',0,20,NULL,NULL,NULL,NULL),(395,3,'U0094','Sepatu operator (2180H-M) No 8','Fix','','Pcs',0,20,NULL,NULL,NULL,NULL),(396,3,'U0095','TS 3022 R D-1  No  ; 38','Fix','','Pcs',7,15,NULL,NULL,NULL,NULL),(397,3,'U0096','TS 3022 R D-1  No  ; 39','Fix','','Pcs',26,5,NULL,NULL,NULL,NULL),(398,3,'U0097','TS 3022 R D-1  No  ; 40','Fix','','Pcs',27,5,NULL,NULL,NULL,NULL),(399,3,'U0098','TS 3022 R D-1  No  ; 41','Fix','','Pcs',9,10,NULL,NULL,NULL,NULL),(400,3,'U0099','TS 3022 R D-1  No  ; 42','Fix','','Pcs',33,20,NULL,NULL,NULL,NULL),(401,3,'U0100','TS 3022 R D-1  No  ; 43','Fix','','Pcs',52,20,NULL,NULL,NULL,NULL),(402,3,'U0101','TS 3022 R D-1  No  ; 44','Fix','','Pcs',19,10,NULL,NULL,NULL,NULL),(403,3,'U0102','TS 3022 R D-1  No  ; 45','Fix','','Pcs',20,8,NULL,NULL,NULL,NULL),(404,3,'U0103','TS 3022 R D-1  No  ; 46','Fix','','Pcs',4,3,NULL,NULL,NULL,NULL),(405,3,'U0104','Sepatu operator (2180H) No 11','Fix','','PCS',1,4,NULL,NULL,NULL,NULL),(406,3,'U0105','Sepatu operator (2180H) No 12','Fix','','PCS',6,4,NULL,NULL,NULL,NULL);
/*!40000 ALTER TABLE `tb_materials` ENABLE KEYS */;
UNLOCK TABLES;

--
-- Table structure for table `tb_menus`
--

DROP TABLE IF EXISTS `tb_menus`;
/*!40101 SET @saved_cs_client     = @@character_set_client */;
/*!50503 SET character_set_client = utf8mb4 */;
CREATE TABLE `tb_menus` (
  `id` int(11) NOT NULL AUTO_INCREMENT,
  `urutan_menu` int(11) NOT NULL DEFAULT '0',
  `menu_name` varchar(100) NOT NULL,
  `url` varchar(255) DEFAULT NULL,
  `parent_id` int(11) DEFAULT NULL,
  `icon` text,
  `has_extra_permissions` tinyint(1) DEFAULT '0',
  `apps_group` enum('FG-MS','ADIS') DEFAULT 'ADIS',
  PRIMARY KEY (`id`),
  KEY `tb_menus_ibfk_1` (`parent_id`),
  CONSTRAINT `tb_menus_ibfk_1` FOREIGN KEY (`parent_id`) REFERENCES `tb_menus` (`id`)
) ENGINE=InnoDB AUTO_INCREMENT=102 DEFAULT CHARSET=latin1;
/*!40101 SET character_set_client = @saved_cs_client */;

--
-- Dumping data for table `tb_menus`
--

LOCK TABLES `tb_menus` WRITE;
/*!40000 ALTER TABLE `tb_menus` DISABLE KEYS */;
INSERT INTO `tb_menus` VALUES (4,13,'Inventory','#',NULL,'ri-shopping-bag-line',0,'ADIS'),(10,17,'Report','#',NULL,'ri-file-chart-line',0,'ADIS'),(11,37,'Setting','#',NULL,'ri-settings-5-line',0,'ADIS'),(16,13,'Incoming Material','inventory/incoming',4,'ri-focus-line',0,'ADIS'),(17,14,'Outgoing Material','inventory/outgoing',4,'ri-focus-line',0,'ADIS'),(18,15,'Stock Opname','inventory/stock-opname',4,'ri-focus-line',0,'ADIS'),(19,16,'Stock Opname Schedule','inventory/stock-opname-schedule',4,'ri-focus-line',0,'ADIS'),(20,18,'Stock Card','report/stock-card',10,'ri-focus-line',0,'ADIS'),(21,38,'Menu','setting/menu',11,'ri-focus-line',0,'ADIS'),(27,1,'Master','#',NULL,'ri-archive-drawer-line',1,'ADIS'),(28,2,'Category Material','master/category-material',27,'ri-focus-line',1,'ADIS'),(29,3,'Data Material','master/material',27,'ri-focus-line',1,'ADIS'),(30,4,'Data Supplier','master/supplier',27,'ri-focus-line',1,'ADIS'),(31,39,'User & Role Settings ','setting/users',11,'ri-focus-line',0,'ADIS'),(34,24,'Production','#',NULL,'ri-building-line',0,'ADIS'),(37,25,'Internal Receipt (SPI)','production/internal-receipt-spi',34,'ri-focus-line',0,'ADIS'),(38,19,'Stock Report','report/stock-report',10,'ri-focus-line',0,'ADIS'),(39,26,'Data Core','production/data-core',34,'ri-focus-line',1,'ADIS'),(40,5,'Data Section','master/section',27,'ri-focus-line',0,'ADIS'),(41,6,'Category Work Order','master/category-work-order',27,'ri-focus-line',0,'ADIS'),(42,32,'Services & Support','#',NULL,'ri-customer-service-line',0,'ADIS'),(43,34,'Work Order','services-support/work-order',42,'ri-focus-line',0,'ADIS'),(44,40,'Approval Level','setting/approval',11,'ri-focus-line',0,'ADIS'),(45,7,'Data Shift','master/shift',27,'ri-focus-line',0,'ADIS'),(46,8,'Data Break Time','master/break-time',27,'ri-focus-line',0,'ADIS'),(47,20,'Delivery','#',NULL,' ri-truck-line',0,'ADIS'),(48,21,'Schedule Delivery','delivery/schedule',47,'ri-focus-line',0,'ADIS'),(49,22,'Delivery Note','delivery/delivery-note',47,'ri-focus-line',0,'ADIS'),(50,33,'Sales','#',NULL,' ri-pie-chart-line',0,'ADIS'),(51,9,'Data Vehicle','master/vehicle',27,'ri-focus-line',0,'ADIS'),(52,10,'Data Customer','master/customer',27,'ri-focus-line',0,'ADIS'),(53,35,'Sales Order','sales/purchase-order',50,'ri-focus-line',0,'ADIS'),(54,36,'IT Request Sheet','services-support/itrs',42,'ri ri-focus-line',0,'ADIS'),(55,27,'Tracing Product','production/tracing-product',34,'ri-focus-line',0,'ADIS'),(56,11,'Data Driver','master/driver',27,'fas fa-user',0,'ADIS'),(57,28,'Data Temp. Check','production/data-temperature-check',34,'ri-focus-line',0,'ADIS'),(58,29,'Data Tageto','production/data-tageto',34,'ri-focus-line',0,'ADIS'),(59,12,'Data Product','master/product',27,'ri-focus-line',0,'ADIS'),(60,30,'Quality','#',NULL,'ri-survey-line',0,'ADIS'),(61,31,'Quality Control','quality/quality-control',60,'ri-focus-line',0,'ADIS'),(62,23,'Request Revision ','delivery/request-revision-delivery-note',47,'ri-focus-line',0,'ADIS'),(63,0,'Laravel Delivery 1','delivery/laravel1',NULL,NULL,0,'ADIS'),(64,0,'Laravel Delivery 2','delivery/laravel2',NULL,NULL,0,'ADIS'),(90,41,'Dashboard FG MS','dashboard',NULL,'ri-dashboard-line',0,'FG-MS'),(91,42,'Transaction','#',NULL,'ri-currency-line',0,'FG-MS'),(92,43,'Stock','transaksi.stock.index',91,'ri-inbox-line',0,'FG-MS'),(93,44,'Stock In','transaksi.stock.masuk.index',91,'ri-inbox-archive-line',0,'FG-MS'),(94,45,'Stock Out','transaksi.stock.keluar.index',91,'ri-inbox-unarchive-line',0,'FG-MS'),(95,46,'Stock Change','stock.change.index',NULL,'ri-file-list-line',0,'FG-MS'),(96,47,'Pallet Data','customer.pallets.index',NULL,'ri-database-2-line',0,'FG-MS'),(97,48,'Master Data','#',NULL,'ri-database-2-line',0,'FG-MS'),(98,49,'Master Product','master.produk.index',97,'ri-archive-line',0,'FG-MS'),(99,50,'Master Customer','master.customer.index',97,'ri-group-line',0,'FG-MS'),(100,51,'Master Rack','master.rack.index',97,'ri-fridge-line',0,'FG-MS'),(101,52,'Master Pallet','master.master-pallet.index',97,'ri-fridge-line',0,'FG-MS');
/*!40000 ALTER TABLE `tb_menus` ENABLE KEYS */;
UNLOCK TABLES;

--
-- Table structure for table `tb_molten_type`
--

DROP TABLE IF EXISTS `tb_molten_type`;
/*!40101 SET @saved_cs_client     = @@character_set_client */;
/*!50503 SET character_set_client = utf8mb4 */;
CREATE TABLE `tb_molten_type` (
  `id` int(11) NOT NULL AUTO_INCREMENT,
  `molten_type` varchar(50) DEFAULT NULL,
  `dm_value` int(11) DEFAULT NULL,
  `is_active` int(11) DEFAULT '0',
  PRIMARY KEY (`id`) USING BTREE
) ENGINE=InnoDB AUTO_INCREMENT=22 DEFAULT CHARSET=latin1;
/*!40101 SET character_set_client = @saved_cs_client */;

--
-- Dumping data for table `tb_molten_type`
--

LOCK TABLES `tb_molten_type` WRITE;
/*!40000 ALTER TABLE `tb_molten_type` DISABLE KEYS */;
INSERT INTO `tb_molten_type` VALUES (1,'Cr-I3',5,1),(2,'FC200',NULL,1),(3,'FC230',3,1),(4,'FC250',4,1),(5,'FCD400',NULL,1),(6,'FCD400A',NULL,1),(7,'FCD 450',1,1),(8,'FCD500',NULL,1),(9,'FCD500A',NULL,1),(10,'FCD600A',NULL,1),(11,'HFC250',NULL,1),(12,'HFCD S-1',6,1),(13,'HFCD S-4',10,1),(14,'HFCLA',NULL,1),(15,'FCD 480',2,1),(16,'FC23Sr3',7,1),(17,'FC25Sr3',8,1),(18,'HFCD ES01',9,1),(19,'FCD450PS',11,1),(20,'FCD480PS',12,1),(21,'FCD48DCPS',13,1);
/*!40000 ALTER TABLE `tb_molten_type` ENABLE KEYS */;
UNLOCK TABLES;

--
-- Table structure for table `tb_section`
--

DROP TABLE IF EXISTS `tb_section`;
/*!40101 SET @saved_cs_client     = @@character_set_client */;
/*!50503 SET character_set_client = utf8mb4 */;
CREATE TABLE `tb_section` (
  `id` int(11) NOT NULL AUTO_INCREMENT,
  `section` varchar(50) DEFAULT NULL,
  `department` varchar(50) DEFAULT NULL,
  `description` varchar(15) DEFAULT NULL,
  `assigned_work_order` int(11) DEFAULT NULL COMMENT 'Penerima Work Order',
  PRIMARY KEY (`id`) USING BTREE
) ENGINE=InnoDB AUTO_INCREMENT=56 DEFAULT CHARSET=latin1;
/*!40101 SET character_set_client = @saved_cs_client */;

--
-- Dumping data for table `tb_section`
--

LOCK TABLES `tb_section` WRITE;
/*!40000 ALTER TABLE `tb_section` DISABLE KEYS */;
INSERT INTO `tb_section` VALUES (1,'IT','IT',NULL,NULL),(2,'ACCOUNTING','ACCOUNTING',NULL,NULL),(3,'ENGINEERING','ENGINEERING',NULL,NULL),(4,'PATTERN','ENGINEERING',NULL,NULL),(5,'EXPORT IMPORT','EXIM & PURCHASING','-',NULL),(6,'FACILITY','FACILITY',NULL,NULL),(7,'FINANCE','FINANCE',NULL,NULL),(8,'TAX','FINANCE',NULL,NULL),(9,'HRD','HRGA','-',NULL),(10,'HRD','HRGA','-',NULL),(11,'MAINTENANCE ACE','MAINTENANCE',NULL,NULL),(12,'MAINTENANCE JSH','MAINTENANCE',NULL,NULL),(13,'MAINTENANCE OFFICE','MAINTENANCE',NULL,NULL),(14,'ICL JSH','PPIC',NULL,NULL),(15,'PPIC','PPIC',NULL,NULL),(16,'CORE ACE','PRODUCTION ACE',NULL,NULL),(17,'FINISHING ACE','PRODUCTION ACE',NULL,NULL),(18,'MELTING ACE','PRODUCTION ACE',NULL,NULL),(19,'MOLDING ACE','PRODUCTION ACE',NULL,NULL),(20,'PRODUCTION ACE','PRODUCTION ACE',NULL,NULL),(21,'CORE JSH','PRODUCTION JSH',NULL,NULL),(22,'FINISHING JSH','PRODUCTION JSH',NULL,NULL),(23,'MELTING JSH','PRODUCTION JSH',NULL,NULL),(24,'MOLDING JSH','PRODUCTION JSH',NULL,NULL),(25,'PRODUCTION JSH','PRODUCTION JSH',NULL,NULL),(26,'QUALITY ASSURANCE GENBA','QUALITY',NULL,NULL),(27,'QUALITY ASSURANCE OFFICE','QUALITY',NULL,NULL),(28,'QUALITY CONTROL JSH','QUALITY',NULL,NULL),(29,'SALES','SALES',NULL,NULL),(30,'SHE','SHE','-',NULL),(34,'EXECUTIVE MANAGER','BOD',NULL,NULL),(35,'HRGA GENERAL MANAGER','BOD',NULL,NULL),(36,'TECHNICAL GENERAL MANAGER','BOD',NULL,NULL),(37,'PLANT MANAGER','BOD',NULL,NULL),(38,'FINANCE & ACCOUNTION GENERAL MANAGER','BOD',NULL,NULL),(39,'SECRETARY',NULL,NULL,NULL),(40,'DIRECTOR','BOD',NULL,NULL),(41,'ADVISOR ENGINEERING','BOD',NULL,NULL),(42,'ICL ACE','PPIC',NULL,NULL),(45,'QUALITY CONTROL ACE','QUALITY',NULL,NULL),(46,'OUTSOURCE LAS','OUTSOURCE LAS',NULL,NULL),(47,'SECURITY','QUALITY',NULL,NULL),(48,'PURCHASING & OUTSOURCE','EXIM & PURCHASING','-',NULL),(55,'IR & GA','HRGA','-',NULL);
/*!40000 ALTER TABLE `tb_section` ENABLE KEYS */;
UNLOCK TABLES;

--
-- Table structure for table `tb_std_weight_delivery`
--

DROP TABLE IF EXISTS `tb_std_weight_delivery`;
/*!40101 SET @saved_cs_client     = @@character_set_client */;
/*!50503 SET character_set_client = utf8mb4 */;
CREATE TABLE `tb_std_weight_delivery` (
  `id` int(11) NOT NULL AUTO_INCREMENT,
  `model_id` int(11) DEFAULT NULL COMMENT 'Model ID from molding',
  `partno` varchar(50) DEFAULT NULL,
  `min_weight` double DEFAULT NULL,
  `max_weight` double DEFAULT NULL,
  `description` varchar(50) DEFAULT NULL,
  `created_at` datetime DEFAULT NULL,
  `created_log` varchar(50) DEFAULT NULL,
  `updated_at` datetime DEFAULT NULL,
  `updated_log` varchar(50) DEFAULT NULL,
  PRIMARY KEY (`id`) USING BTREE
) ENGINE=InnoDB AUTO_INCREMENT=6 DEFAULT CHARSET=latin1 COMMENT='Master Standar Product Export';
/*!40101 SET character_set_client = @saved_cs_client */;

--
-- Dumping data for table `tb_std_weight_delivery`
--

LOCK TABLES `tb_std_weight_delivery` WRITE;
/*!40000 ALTER TABLE `tb_std_weight_delivery` DISABLE KEYS */;
INSERT INTO `tb_std_weight_delivery` VALUES (1,2,'8976584180',21500,22100,'ES01','2024-12-31 08:48:26',NULL,NULL,NULL),(2,12,'7551839361',21700,22200,'ES30','2024-12-31 08:48:27',NULL,NULL,NULL),(3,3,'8974953790',25400,26100,'EJ59','2024-12-31 08:48:28',NULL,NULL,NULL),(4,4,'8982283311',25400,26100,'EJ40','2024-12-31 08:48:28',NULL,NULL,NULL),(5,5,'8982251641',25400,26100,'EJ39','2024-12-31 08:48:29',NULL,NULL,NULL);
/*!40000 ALTER TABLE `tb_std_weight_delivery` ENABLE KEYS */;
UNLOCK TABLES;

--
-- Table structure for table `tb_suppliers`
--

DROP TABLE IF EXISTS `tb_suppliers`;
/*!40101 SET @saved_cs_client     = @@character_set_client */;
/*!50503 SET character_set_client = utf8mb4 */;
CREATE TABLE `tb_suppliers` (
  `supplier_id` int(11) NOT NULL AUTO_INCREMENT,
  `supplier_name` varchar(255) DEFAULT NULL,
  `code_ax` varchar(255) DEFAULT NULL,
  `created_at` datetime DEFAULT NULL,
  `created_log` varchar(255) DEFAULT NULL,
  `updated_at` datetime DEFAULT NULL,
  `updated_log` varchar(255) DEFAULT NULL,
  PRIMARY KEY (`supplier_id`) USING BTREE
) ENGINE=InnoDB AUTO_INCREMENT=1025 DEFAULT CHARSET=latin1;
/*!40101 SET character_set_client = @saved_cs_client */;

--
-- Dumping data for table `tb_suppliers`
--

LOCK TABLES `tb_suppliers` WRITE;
/*!40000 ALTER TABLE `tb_suppliers` DISABLE KEYS */;
INSERT INTO `tb_suppliers` VALUES (1,'ACHTECH TEKNIK MANDIRI, PT','31-232',NULL,NULL,NULL,NULL),(2,'ACROE INDONESIA, PT','31-001',NULL,NULL,NULL,NULL),(3,'ADIKA CATUR DAYA, PT','31-748',NULL,NULL,NULL,NULL),(4,'AGAPE BIOMEDI INVESTAMA, PT','31-153',NULL,NULL,NULL,NULL),(5,'AGUNG, CV','31-790',NULL,NULL,NULL,NULL),(6,'AHSYA BAKERY','31-971',NULL,NULL,NULL,NULL),(7,'AIRINDO MUSTIKA EXPRESS, PT','31-176',NULL,NULL,NULL,NULL),(8,'AKIRA DATA PRATAMA, PT','31-029',NULL,NULL,NULL,NULL),(9,'AL IKHLAS PEMALANG, RSI','31-900',NULL,NULL,NULL,NULL),(10,'ALAM JAYA GRAHA KARAWANG, PT','31-841',NULL,NULL,NULL,NULL),(11,'ALBA UNGGUL METAL, PT','31-053',NULL,NULL,NULL,NULL),(12,'ALCORINDO SEJAHTERA, PT','31-120',NULL,NULL,NULL,NULL),(13,'ALFA SISTEM INDONESIA, PT','31-934',NULL,NULL,NULL,NULL),(14,'ALFAGO GPS','31-818',NULL,NULL,NULL,NULL),(15,'AL-KHAKARI, CV','31-146',NULL,NULL,NULL,NULL),(16,'ALTA DINAMIKA','31-160',NULL,NULL,NULL,NULL),(17,'AMANO INDONESIA, PT','31-754',NULL,NULL,NULL,NULL),(18,'AMCO MULTITECH, PT','31-121',NULL,NULL,NULL,NULL),(19,'ANANDA PANCAGATI SETYA SEJAHTERA, PT','31-753',NULL,NULL,NULL,NULL),(20,'ANDHIKA MULTI PROTEKSI, PT','31-952',NULL,NULL,NULL,NULL),(21,'ANGELA M BASIROEN, SH','31-689',NULL,NULL,NULL,NULL),(22,'ANNA MEDIKA, RS','31-680',NULL,NULL,NULL,NULL),(23,'ANNI BAKERY & CAKE','31-894',NULL,NULL,NULL,NULL),(24,'ANTAM TBK, PT','31-213',NULL,NULL,NULL,NULL),(25,'ANUGERAH LEMBANG FAJAR ASRI','31-133',NULL,NULL,NULL,NULL),(26,'ANUGERAH RAYA KARYA MANDIRI, PT','31-768',NULL,NULL,NULL,NULL),(27,'ANUGERAH SUKSES INDONESIA, PT','31-741',NULL,NULL,NULL,NULL),(28,'ANUGERAH-PEKALONGAN, RSIA','31-808',NULL,NULL,NULL,NULL),(29,'ANUGRAH JAYA CATER, CV','31-148',NULL,NULL,NULL,NULL),(30,'ANUGRAH KARYA BERSAMA, CV','31-913',NULL,NULL,NULL,NULL),(31,'ANUGRAH PEKALONGAN, RS','31-902',NULL,NULL,NULL,NULL),(32,'ANWAR & REKAN - MEMBER OF DFK INTERNATIONAL','31-812',NULL,NULL,NULL,NULL),(33,'Apart. Denpasar Residences / Ms. Sonya Sandra S B','31-724',NULL,NULL,NULL,NULL),(34,'APART. ONE PARK AVENUE KING 3AA','31-803',NULL,NULL,NULL,NULL),(35,'APINDO DPK BEKASI','31-728',NULL,NULL,NULL,NULL),(36,'APINDO DPK KARAWANG','31-174',NULL,NULL,NULL,NULL),(37,'APLINDO','31-907',NULL,NULL,NULL,NULL),(38,'ARCS HOUSE, PT (JAMBULUWUK MALIOBORO HOTEL)','31-950',NULL,NULL,NULL,NULL),(39,'ARDATA DESIGN SOLUSI, PT','31-998',NULL,NULL,NULL,NULL),(40,'ARINDO TECHNICA, CV','31-030',NULL,NULL,NULL,NULL),(41,'ARINS MANDIRI, CV','31-870',NULL,NULL,NULL,NULL),(42,'ARSANA SENTOSA, CV','31-038',NULL,NULL,NULL,NULL),(43,'ASH SIDIQ SNACK & DRINK','31-248',NULL,NULL,NULL,NULL),(44,'ASIA BOGA CATERINDO, PT','31-242',NULL,NULL,NULL,NULL),(45,'ASIA BOGA CATERING, PT','31-875',NULL,NULL,NULL,NULL),(46,'ASIA PURADA INDONESIA, PT','31-945',NULL,NULL,NULL,NULL),(47,'ASIA UTAMA KONSULTAN, PT','31-845',NULL,NULL,NULL,NULL),(48,'ASOSIASI PENGELASAN INDONESIA','31-829',NULL,NULL,NULL,NULL),(49,'ASOSIASI PENGUSAHA INDONESIA','31-686',NULL,NULL,NULL,NULL),(50,'ASOSIASI PERUSAHAAN JALUR PRIORITAS','31-715',NULL,NULL,NULL,NULL),(51,'ASSYIFA, RS','31-899',NULL,NULL,NULL,NULL),(52,'ASTRA GRAPHIA, PT','31-002',NULL,NULL,NULL,NULL),(53,'ASTRA GRAPHIA, PT','31-024',NULL,NULL,NULL,NULL),(54,'ASTRA INTERNASIONAL PEUGEOT, PT','31-005',NULL,NULL,NULL,NULL),(55,'ASTRA INTERNASIONAL TBK- ISUZU','31-004',NULL,NULL,NULL,NULL),(56,'ASTRA INTERNATIONAL TBK - ISUZU, PT','31-048',NULL,NULL,NULL,NULL),(57,'ASTRA INTERNATIONAL TBK - ISUZU, PT','31-049',NULL,NULL,NULL,NULL),(58,'ASTRA INTERNATIONAL Tbk. - ISUZU','31-107',NULL,NULL,NULL,NULL),(59,'ASTRA INTERNATIONAL, PT','31-003',NULL,NULL,NULL,NULL),(60,'ASTRA INTERNATIONAL, TBK - PEUGEOT','31-1000',NULL,NULL,NULL,NULL),(61,'ASTRA INTERNATIONAL, TBK PT (AUTO 2000-CIKAMPEK)','31-972',NULL,NULL,NULL,NULL),(62,'ASTRA INTERNATIONAL, TBK PT (AUTO 2000-KRW)','31-977',NULL,NULL,NULL,NULL),(63,'ASTRA INTERNATIONAL. TBK - ISUZU, PT','31-072',NULL,NULL,NULL,NULL),(64,'ASTRA SEDAYA FINANCE, PT','31-249',NULL,NULL,NULL,NULL),(65,'ASURANSI ASTRA BUANA, PT','31-006',NULL,NULL,NULL,NULL),(66,'ASURANSI MITSUI MARINE, PT','31-007',NULL,NULL,NULL,NULL),(67,'ASURANSI MSIG INDONESIA, PT','31-183',NULL,NULL,NULL,NULL),(68,'ASURANSI TOKIO MARINE INDONESIA, PT','31-785',NULL,NULL,NULL,NULL),(69,'ATRINDO ASIA GLOBAL, PT','31-793',NULL,NULL,NULL,NULL),(70,'AUTO SERVICES','31-100',NULL,NULL,NULL,NULL),(71,'Autorent Lancar Sejahtera, PT','31-858',NULL,NULL,NULL,NULL),(72,'AYU SNACK, UD','31-896',NULL,NULL,NULL,NULL),(73,'AYUMI LESTARI, CV','31-070',NULL,NULL,NULL,NULL),(74,'AYYASI IHSAN RESMI','31-983',NULL,NULL,NULL,NULL),(75,'AZKA TEKNIKA, PT','31-838',NULL,NULL,NULL,NULL),(76,'BAGUS JAYA KAROSERI, PT','31-132',NULL,NULL,NULL,NULL),(77,'BALEBAT FURNITURE','31-109',NULL,NULL,NULL,NULL),(78,'BALIMED / PT. BDM','31-898',NULL,NULL,NULL,NULL),(79,'BANGUN ANUGERAH JAYA PERKASA, PT','31-796',NULL,NULL,NULL,NULL),(80,'BATAVIA BINTANG BERLIAN, PT (MITSUBISHI)','31-989',NULL,NULL,NULL,NULL),(81,'BEA CUKAI & PMA II','31-760',NULL,NULL,NULL,NULL),(82,'BELIRA METAL, PT','31-681',NULL,NULL,NULL,NULL),(83,'BELLA, RS','31-688',NULL,NULL,NULL,NULL),(84,'BENDAHARAWAN DKPTK','31-674',NULL,NULL,NULL,NULL),(85,'BENISO MAKMUR PERKASA, PT','31-947',NULL,NULL,NULL,NULL),(86,'BERKAH ILLAHI','31-933',NULL,NULL,NULL,NULL),(87,'BERKAH MULIA, PERCETAKAN & SABLON','31-958',NULL,NULL,NULL,NULL),(88,'BERKAT NIAGA DUNIA, PT','31-721',NULL,NULL,NULL,NULL),(89,'BERLIAN GLOBAL TEKNIK, PT','31-169',NULL,NULL,NULL,NULL),(90,'BETAWIMAS CEMERLANG, PT','31-015',NULL,NULL,NULL,NULL),(91,'BHAKTI HUSADA CIKARANG, RS','31-775',NULL,NULL,NULL,NULL),(92,'BHASKARA BUANA MULYA','31-857',NULL,NULL,NULL,NULL),(93,'BHINNEKA MENTARI DIMENSI, PT','31-116',NULL,NULL,NULL,NULL),(94,'BIMASARANA PROSPECT, PT','31-047',NULL,NULL,NULL,NULL),(95,'BINA KOMUNIKA ASIATAMA, PT','31-154',NULL,NULL,NULL,NULL),(96,'BINTANG PUTRA ALEXANDER, PT','31-809',NULL,NULL,NULL,NULL),(97,'BIO FARMA (PERSERO), PT','31-937',NULL,NULL,NULL,NULL),(98,'BIO MEDILAB','31-678',NULL,NULL,NULL,NULL),(99,'BIO TECH INDONESIA, CV','31-802',NULL,NULL,NULL,NULL),(100,'BIROTIKA SEMESTA, PT','31-084',NULL,NULL,NULL,NULL),(101,'BIZNET DATA CENTER, PT','31-151',NULL,NULL,NULL,NULL),(102,'BIZNET GIO NUSANTARA, PT','31-847',NULL,NULL,NULL,NULL),(103,'BPJS KESEHATAN','31-726',NULL,NULL,NULL,NULL),(104,'Brawijaya Hospital Saharjo','31-221',NULL,NULL,NULL,NULL),(105,'BUANA ASTINO SUKSES JAYA, PT','31-906',NULL,NULL,NULL,NULL),(106,'BUANA STATIONARY','31-022',NULL,NULL,NULL,NULL),(107,'BYTEL SARANA TELKOMINDO, PT','31-994',NULL,NULL,NULL,NULL),(108,'CAC PUTRA PERKASA, PT','31-774',NULL,NULL,NULL,NULL),(109,'CAHAYA AGUNG, CV','31-752',NULL,NULL,NULL,NULL),(110,'CAHAYA ASA JAYA','31-806',NULL,NULL,NULL,NULL),(111,'CAHAYA BARU, RM','31-776',NULL,NULL,NULL,NULL),(112,'CAHAYA CIPTA MANDIRI, PT','31-122',NULL,NULL,NULL,NULL),(113,'CAHAYA MULIA KEUTAMAAN, CV','31-076',NULL,NULL,NULL,NULL),(114,'CAHAYA PRIMA SINERGI, PT','31-881',NULL,NULL,NULL,NULL),(115,'CATURKARYA GEMASWADAYA, PT','31-113',NULL,NULL,NULL,NULL),(116,'CEMPAKA PUTIH, RSIJ','31-683',NULL,NULL,NULL,NULL),(117,'CHANDRA PRIMA PERSADA, PT','31-081',NULL,NULL,NULL,NULL),(118,'CIBITUNG MEDIKA, RS','31-840',NULL,NULL,NULL,NULL),(119,'CIPTA GRAFIKA','31-026',NULL,NULL,NULL,NULL),(120,'CITRA ARDHITA MEDIFARMA','31-225',NULL,NULL,NULL,NULL),(121,'CITRA ARDHITA PUTRA, PT','31-235',NULL,NULL,NULL,NULL),(122,'CITRA KENCANA HOTELINDO, PT','31-155',NULL,NULL,NULL,NULL),(123,'CITRA SARI HUSADA, RS','31-163',NULL,NULL,NULL,NULL),(124,'CLARUS INNOVANCE TEKNOLOGI, PT','31-771',NULL,NULL,NULL,NULL),(125,'COPPAL UTAMA INDONESIA MANUFACTURING, PT','31-123',NULL,NULL,NULL,NULL),(126,'CPP, PT','31-167',NULL,NULL,NULL,NULL),(127,'CROWN LINE, PT','31-716',NULL,NULL,NULL,NULL),(128,'CV. RJYB Indonesia','31-210',NULL,NULL,NULL,NULL),(129,'D45IN LAUNDRY SOFA','31-685',NULL,NULL,NULL,NULL),(130,'DAMAYANTI SEJAHTERA, CV','31-718',NULL,NULL,NULL,NULL),(131,'DAPUR PAK NURUL','31-951',NULL,NULL,NULL,NULL),(132,'DAPUR SAE','31-869',NULL,NULL,NULL,NULL),(133,'DARUJATI PUTRA PRATAMA, PT','31-874',NULL,NULL,NULL,NULL),(134,'DATAMAGIC DATA RECOVERY','31-930',NULL,NULL,NULL,NULL),(135,'DAYAMANDIRI DHARMAKONSILINDO','31-180',NULL,NULL,NULL,NULL),(136,'DEEDOTH PERKASA MANDIRI, PT','31-243',NULL,NULL,NULL,NULL),(137,'DELIMA ASIH SISMA MEDIKA, RS','31-098',NULL,NULL,NULL,NULL),(138,'DELTA INDONESIA PRANENGGAR, PT','31-737',NULL,NULL,NULL,NULL),(139,'DESIGNJET - CENTER','31-032',NULL,NULL,NULL,NULL),(140,'DETA FOOD, UD','31-888',NULL,NULL,NULL,NULL),(141,'DEWI SRI, RS','31-093',NULL,NULL,NULL,NULL),(142,'DIAN BERSAUDARA','31-697',NULL,NULL,NULL,NULL),(143,'DIF MITRA SEJAHTERA, PT','31-916',NULL,NULL,NULL,NULL),(144,'DIKA MEKAR SANGIYANG, PT','31-757',NULL,NULL,NULL,NULL),(145,'DIKA MEKAR, CV','31-039',NULL,NULL,NULL,NULL),(146,'DINAS KESEHATAN KAB. KARAWANG','31-056',NULL,NULL,NULL,NULL),(147,'DIPO INTERNASIONAL PAHALA OTOMOTIF, PT','31-992',NULL,NULL,NULL,NULL),(148,'DITOSA, PT','31-124',NULL,NULL,NULL,NULL),(149,'DJAYA BERSAMA','31-094',NULL,NULL,NULL,NULL),(150,'DK BAKERY','31-963',NULL,NULL,NULL,NULL),(151,'DOCTOR PROJECTOR','31-060',NULL,NULL,NULL,NULL),(152,'DOEWA WARNA, CV','31-041',NULL,NULL,NULL,NULL),(153,'DOKTER ADAM TALIB, RS','31-767',NULL,NULL,NULL,NULL),(154,'DR. DJOKO PRAMONO, RSIA','31-141',NULL,NULL,NULL,NULL),(155,'DUNIA APPAREL','31-672',NULL,NULL,NULL,NULL),(156,'DUTA CAHAYA, PT','31-882',NULL,NULL,NULL,NULL),(157,'DUTA WAHANA KARAWANG, PT','31-811',NULL,NULL,NULL,NULL),(158,'DUTAMASINDO LABORA JAYA, PT','31-844',NULL,NULL,NULL,NULL),(159,'DWI JAYA TECHNOLOGY, CV','31-833',NULL,NULL,NULL,NULL),(160,'ECOSINDO LABORANUSA, PT','31-173',NULL,NULL,NULL,NULL),(161,'ECOTECH','31-144',NULL,NULL,NULL,NULL),(162,'EFAN BAKERY','31-744',NULL,NULL,NULL,NULL),(163,'EKA SUSANTO W SUNARSO','31-749',NULL,NULL,NULL,NULL),(164,'ELECTRA JAYA SEMESTA, PT','31-125',NULL,NULL,NULL,NULL),(165,'EMC ALAM SUTRA, RS','31-961',NULL,NULL,NULL,NULL),(166,'EMC PULOMAS, RS','31-962',NULL,NULL,NULL,NULL),(167,'ENDANG CATERING SERVICE, PT','31-782',NULL,NULL,NULL,NULL),(168,'ENVIRO KARYA INDONESIA, PT','31-920',NULL,NULL,NULL,NULL),(169,'ERIK CATERING','31-719',NULL,NULL,NULL,NULL),(170,'ERNST & YOUNG( E&Y)','31-675',NULL,NULL,NULL,NULL),(171,'ES KELAPA MUDA MANG ATHO','31-978',NULL,NULL,NULL,NULL),(172,'ESSEI PERBAMA, PT','31-791',NULL,NULL,NULL,NULL),(173,'EXINERGY INDONESIA, PT','31-777',NULL,NULL,NULL,NULL),(174,'FELICOM','31-731',NULL,NULL,NULL,NULL),(175,'FIEFIE PIETER, SH.','31-935',NULL,NULL,NULL,NULL),(176,'FIKRI MEDIKA, RSU','31-171',NULL,NULL,NULL,NULL),(177,'FOCUS INFOTAMA, PT','31-016',NULL,NULL,NULL,NULL),(178,'FORTA LARESE, PT','31-017',NULL,NULL,NULL,NULL),(179,'FRESH GALANG MANDIRI, PT','31-236',NULL,NULL,NULL,NULL),(180,'GABBRY INDAH GEMILANG, PT','31-762',NULL,NULL,NULL,NULL),(181,'GABUNGAN INDUSTRI ALAT ALAT MOBIL & MOTOR (GIAMM)','31-092',NULL,NULL,NULL,NULL),(182,'GAYA TRENDY JAYA, CV','31-042',NULL,NULL,NULL,NULL),(183,'GELORA MITRA SEJAHTERA, PT','31-942',NULL,NULL,NULL,NULL),(184,'GEO MANDIRI KREASI, PT','31-247',NULL,NULL,NULL,NULL),(185,'GI SHOWROOM','31-974',NULL,NULL,NULL,NULL),(186,'Global Mandiri Teksindo, CV','31-862',NULL,NULL,NULL,NULL),(187,'GLOBAL SOLUSINDO INSANI, PT','31-892',NULL,NULL,NULL,NULL),(188,'GLOBE FIVENT, PT','31-804',NULL,NULL,NULL,NULL),(189,'GOLDEN PUTRA MANDIRI, PT','31-856',NULL,NULL,NULL,NULL),(190,'GONG SUMIRATO INDONESIA, PT','31-832',NULL,NULL,NULL,NULL),(191,'GRAB TEKNOLOGI INDONESIA, PT','31-889',NULL,NULL,NULL,NULL),(192,'GRAHAMERIL ELECTRINDO, PT','31-063',NULL,NULL,NULL,NULL),(193,'GRAMEDIA CBD KARAWANG','31-905',NULL,NULL,NULL,NULL),(194,'GRAND FURNITURE, PT','31-008',NULL,NULL,NULL,NULL),(195,'GREEN VISTA, CV','31-730',NULL,NULL,NULL,NULL),(196,'HAFZA SNACK','31-891',NULL,NULL,NULL,NULL),(197,'HAKAM GEMILANG PERSADA, PT','31-837',NULL,NULL,NULL,NULL),(198,'HALSTECH, CV','31-168',NULL,NULL,NULL,NULL),(199,'HAL\'STECH, CV (Tidak Aktif)','31-114',NULL,NULL,NULL,NULL),(200,'HANAN SNACK','31-233',NULL,NULL,NULL,NULL),(201,'HARAPAN ANANG BAKRI & SONS','31-080',NULL,NULL,NULL,NULL),(202,'HARAPAN ELECTRONIK CIKARANG','31-792',NULL,NULL,NULL,NULL),(203,'HARAPAN KELUARGA, KLINIK','31-138',NULL,NULL,NULL,NULL),(204,'HARUM INDAH SARI, PT','31-101',NULL,NULL,NULL,NULL),(205,'HASANAH GRAHA AFIAH, RS','31-758',NULL,NULL,NULL,NULL),(206,'HEMINA DAAN MOGOT, RS','31-705',NULL,NULL,NULL,NULL),(207,'HERMINA BOGOR, RS','31-786',NULL,NULL,NULL,NULL),(208,'HERMINA KARAWANG, RS','31-917',NULL,NULL,NULL,NULL),(209,'HIGIENIS INDONESIA, PT','31-772',NULL,NULL,NULL,NULL),(210,'HINO INDONESIA MANUFACTURER CLUB','31-807',NULL,NULL,NULL,NULL),(211,'HIPAM JAYA TEKNIKA, CV','31-126',NULL,NULL,NULL,NULL),(212,'HOME DECOR INTERIOR','31-218',NULL,NULL,NULL,NULL),(213,'HOTEL OMEGA KARAWANG','31-926',NULL,NULL,NULL,NULL),(214,'HP & P (Hermansjah Putra, S.H., M.M.)','31-887',NULL,NULL,NULL,NULL),(215,'HRGA Dept.','31-871',NULL,NULL,NULL,NULL),(216,'HUDA MANDIRI PERSADA, PT','31-953',NULL,NULL,NULL,NULL),(217,'HUMANIKA AMANAH INDONESIA, PT','31-948',NULL,NULL,NULL,NULL),(218,'IMDIA','31-687',NULL,NULL,NULL,NULL),(219,'IMPIAN SEMESTA RAYA, PT','31-986',NULL,NULL,NULL,NULL),(220,'INDAYA BUSANA','31-050',NULL,NULL,NULL,NULL),(221,'INDAYA PARAMA, PT','31-883',NULL,NULL,NULL,NULL),(222,'INDO GREEN, CV','31-172',NULL,NULL,NULL,NULL),(223,'INDONESIA SIMON. PT','31-819',NULL,NULL,NULL,NULL),(224,'INDOPLOTER.COM','31-068',NULL,NULL,NULL,NULL),(225,'INDOPRO MEDIA PIRANTI PT','31-842',NULL,NULL,NULL,NULL),(226,'INSTITUT PERTANIAN BOGOR','31-066',NULL,NULL,NULL,NULL),(227,'INTAN NUR RIZKY, PT','31-849',NULL,NULL,NULL,NULL),(228,'INTI SEMESTA SEJAHTERA, PT','31-127',NULL,NULL,NULL,NULL),(229,'INTIKOM BERLIAN MUSTIKA','31-691',NULL,NULL,NULL,NULL),(230,'INTIMEDIA SOLUSINDO','31-069',NULL,NULL,NULL,NULL),(231,'ISUZU SUPPLY CHAIN PARTNER','31-186',NULL,NULL,NULL,NULL),(232,'IT KLIK INDONESIA, PT','31-079',NULL,NULL,NULL,NULL),(233,'JAC INDONESIA, PT','31-095',NULL,NULL,NULL,NULL),(234,'JAGADDHITA ABADI INDONESIA','31-043',NULL,NULL,NULL,NULL),(235,'JAHEPI','31-941',NULL,NULL,NULL,NULL),(236,'Jakarta Kyoai Medical Center, PT','31-878',NULL,NULL,NULL,NULL),(237,'JJ CATERING','31-722',NULL,NULL,NULL,NULL),(238,'JOBS DB INDONESIA, PT','31-738',NULL,NULL,NULL,NULL),(239,'JOBSTREET INDONESIA, PT','31-729',NULL,NULL,NULL,NULL),(240,'JOHANES JUARA & REKAN','31-761',NULL,NULL,NULL,NULL),(241,'JOY Roti Bakery & Cake','31-720',NULL,NULL,NULL,NULL),(242,'KAHAYA SINERGI GEMILANG, PT','31-723',NULL,NULL,NULL,NULL),(243,'KALDEN INDONESIA, PT','31-759',NULL,NULL,NULL,NULL),(244,'KALINGGA TATARAYA, PT','31-214',NULL,NULL,NULL,NULL),(245,'Kanaan Karawang Lestari, PT','31-764',NULL,NULL,NULL,NULL),(246,'KANAKA PURADIREDJA, SUHARTONO (NEXIA KPS)','31-928',NULL,NULL,NULL,NULL),(247,'KARAWANG INDAH, PT','31-938',NULL,NULL,NULL,NULL),(248,'KARAWANG SPORT CENTRE INDONESIA','31-695',NULL,NULL,NULL,NULL),(249,'KARILA PANGAN ABIMANTARA, PT','31-743',NULL,NULL,NULL,NULL),(250,'KARINA CITRA MANDIRI, CV','31-795',NULL,NULL,NULL,NULL),(251,'KARTIKA KASIH, RS','31-798',NULL,NULL,NULL,NULL),(252,'KARYA ADAM BERSAUDARA, PT','31-805',NULL,NULL,NULL,NULL),(253,'KAWAN LAMA SEJAHTERA, PT','31-128',NULL,NULL,NULL,NULL),(254,'KAWANI PRATAMA KARYA, PT','31-956',NULL,NULL,NULL,NULL),(255,'KERTAYASA UTAMA, PT','31-766',NULL,NULL,NULL,NULL),(256,'KHARISMA MITRA MANDIRI(INKE)','31-023',NULL,NULL,NULL,NULL),(257,'KHARISMA TUNGGAL INDONESIA, CV','31-736',NULL,NULL,NULL,NULL),(258,'KHASANAH SARI, CV','31-949',NULL,NULL,NULL,NULL),(259,'Khayla Snack','31-904',NULL,NULL,NULL,NULL),(260,'KHAZA KENCANA MULTITECH, PT','31-921',NULL,NULL,NULL,NULL),(261,'KHAZHEN GLOBAL INTRATRAINING, PT','31-234',NULL,NULL,NULL,NULL),(262,'KIANIS PRATAMA, PT','31-052',NULL,NULL,NULL,NULL),(263,'KIIC TENANT ASSC SECT','31-161',NULL,NULL,NULL,NULL),(264,'KLARI PUTRA KREASINDO, PT','31-018',NULL,NULL,NULL,NULL),(265,'KLICK','31-682',NULL,NULL,NULL,NULL),(266,'KLINIK & LAB PROF. UFA','31-923',NULL,NULL,NULL,NULL),(267,'KLINIK & RUMAH BERSALIN SITI AZARIA','31-742',NULL,NULL,NULL,NULL),(268,'KLINIK ANISAH','31-925',NULL,NULL,NULL,NULL),(269,'KLINIK SANTOSA','31-853',NULL,NULL,NULL,NULL),(270,'KLINIK SEHAT BAHAGIA','31-865',NULL,NULL,NULL,NULL),(271,'KODIR JAYA BERSAMA TEKNIK, PT','31-959',NULL,NULL,NULL,NULL),(272,'KPMG ADVISORY INDONESIA, PT','31-192',NULL,NULL,NULL,NULL),(273,'KREASI MANDIRI, CV','31-009',NULL,NULL,NULL,NULL),(274,'KS MOBILINDO','31-997',NULL,NULL,NULL,NULL),(275,'KTNP TAX LAWYER & CONSULTING','31-178',NULL,NULL,NULL,NULL),(276,'KURNIA AZZAHRA ARSYA, PT','31-794',NULL,NULL,NULL,NULL),(277,'KURNIA CATERING, PT','31-780',NULL,NULL,NULL,NULL),(278,'Lab. Klinik Pratama SAYANG IBU','31-908',NULL,NULL,NULL,NULL),(279,'LABORATORIUM KLINIK PRAMITA','31-911',NULL,NULL,NULL,NULL),(280,'LABORATORIUM MEDIO PRATAMA, PT','31-703',NULL,NULL,NULL,NULL),(281,'LAJU BANYU SEMESTA, PT','31-828',NULL,NULL,NULL,NULL),(282,'LARIS JAYA RENT @ CAR','31-711',NULL,NULL,NULL,NULL),(283,'LAVALETTE, RS','31-825',NULL,NULL,NULL,NULL),(284,'LAZA KENCANA CATERING','31-700',NULL,NULL,NULL,NULL),(285,'LEMBAGA PENGEMBANGAN & PELESTARIAN SUMBER DAYA ALAM','31-105',NULL,NULL,NULL,NULL),(286,'LEMBAGA SERTIFIKASI PROFESI LOGAM DAN MESIN INDONESIA','31-198',NULL,NULL,NULL,NULL),(287,'LIBRA WIJAYA SEJAHTERA, CV','31-903',NULL,NULL,NULL,NULL),(288,'LICIA KEUMALA CEMERLANG, PT','31-848',NULL,NULL,NULL,NULL),(289,'LIMIJATI, RSIA','31-676',NULL,NULL,NULL,NULL),(290,'LINKRA WAHANA TEKNOLOGI, PT','31-976',NULL,NULL,NULL,NULL),(291,'LIRA MEDIKA, RS','31-150',NULL,NULL,NULL,NULL),(292,'LOKAL MEDIA, CV','31-915',NULL,NULL,NULL,NULL),(293,'LUCKY AMANAH SEJAHTERA, PT','31-924',NULL,NULL,NULL,NULL),(294,'MADYA KREASI PERDANA, PT','31-219',NULL,NULL,NULL,NULL),(295,'MAHATI KARAWANG, PT','31-156',NULL,NULL,NULL,NULL),(296,'MALIGI PERMATA IE, PT','31-074',NULL,NULL,NULL,NULL),(297,'MANDAYA, RS','31-783',NULL,NULL,NULL,NULL),(298,'MANDIRI TRANSFORMA GLOBAL, PT','31-040',NULL,NULL,NULL,NULL),(299,'MANGGALA UTAMA, CV','31-115',NULL,NULL,NULL,NULL),(300,'MARNI PRATAMA, CV','31-129',NULL,NULL,NULL,NULL),(301,'MASTERDIATEX VISUAL SISTIMINDO, PT','31-108',NULL,NULL,NULL,NULL),(302,'MATRICO TRIGUNA, PT','31-944',NULL,NULL,NULL,NULL),(303,'MAYA MITRA SEJATI, PT','31-078',NULL,NULL,NULL,NULL),(304,'MAYAPADA HOSPITAL','31-251',NULL,NULL,NULL,NULL),(305,'MAYU NUGRAHA ABADI, CV','31-706',NULL,NULL,NULL,NULL),(306,'MEDIA EDUTAMA INDONESIA, PT','31-211',NULL,NULL,NULL,NULL),(307,'MEGA LESTARI, CV','31-182',NULL,NULL,NULL,NULL),(308,'MEGA TRIWEXINDO, PT','31-054',NULL,NULL,NULL,NULL),(309,'MEKATRONIKA PERKASA ABADI','31-873',NULL,NULL,NULL,NULL),(310,'MERCURE SURABAYA GRAND MIRAMA HOTELS','31-244',NULL,NULL,NULL,NULL),(311,'MINANG BAHARI','31-096',NULL,NULL,NULL,NULL),(312,'MINANG MANDIRI','31-102',NULL,NULL,NULL,NULL),(313,'MINDSET MOTIVASI INDONESIA, PT','31-099',NULL,NULL,NULL,NULL),(314,'MISHA CIPTA NUSANTARA, PT','31-208',NULL,NULL,NULL,NULL),(315,'MITRA DINAMIS YANG UTAMA, PT','31-671',NULL,NULL,NULL,NULL),(316,'MITRA FAMILY KARAWANG, RS','31-164',NULL,NULL,NULL,NULL),(317,'MITRA KELUARGA BEKASI, RS','31-684',NULL,NULL,NULL,NULL),(318,'MITRA KELUARGA CIKARANG, RS','31-139',NULL,NULL,NULL,NULL),(319,'MITRA METAL SEJATI, PT','31-713',NULL,NULL,NULL,NULL),(320,'MITRA MULTIMEDIA','31-692',NULL,NULL,NULL,NULL),(321,'MITRA PINASTHIKA MUSTIKA RENT, PT','31-710',NULL,NULL,NULL,NULL),(322,'MITRA SETIA ABADI, PT','31-968',NULL,NULL,NULL,NULL),(323,'MITRA SINERGI INTERNASIONAL, PT','31-196',NULL,NULL,NULL,NULL),(324,'MITRA TALENTA INDONESIA, PT','31-747',NULL,NULL,NULL,NULL),(325,'MITRALAB BUANA, PT','31-694',NULL,NULL,NULL,NULL),(326,'MITRASOFT INFONET, PT','31-037',NULL,NULL,NULL,NULL),(327,'MITRATELECOM GLOBAL MANDIRI','31-677',NULL,NULL,NULL,NULL),(328,'MRCCC SILOAM HOSPITAL','31-797',NULL,NULL,NULL,NULL),(329,'MULIA MEGA MAKMUR, PT','31-960',NULL,NULL,NULL,NULL),(330,'MULTIPRO MITRA UTAMA, PT','31-831',NULL,NULL,NULL,NULL),(331,'MURA MITRA SEJATI, PT','31-162',NULL,NULL,NULL,NULL),(332,'MURNI STATIONARY','31-028',NULL,NULL,NULL,NULL),(333,'NAFILA MEDIKA, KLINIK','31-698',NULL,NULL,NULL,NULL),(334,'NAKAYAMA','31-707',NULL,NULL,NULL,NULL),(335,'NANAJ SNACK','31-228',NULL,NULL,NULL,NULL),(336,'NINETY NINE TEKNIK INDONESIA, PT','31-943',NULL,NULL,NULL,NULL),(337,'NIPPON INDOSARI CORPINDO, PT','31-781',NULL,NULL,NULL,NULL),(338,'NMA COMPUTER','31-034',NULL,NULL,NULL,NULL),(339,'NTT INDONESIA, PT','31-089',NULL,NULL,NULL,NULL),(340,'Nuansa Cita Rasa, PT','31-860',NULL,NULL,NULL,NULL),(341,'NUANSA INTI PERKASA, PT','31-839',NULL,NULL,NULL,NULL),(342,'NUSANTARA PESONA KATERING, PT','31-850',NULL,NULL,NULL,NULL),(343,'NUSANTARA SECOM INFOTECH, PT','31-035',NULL,NULL,NULL,NULL),(344,'OCS INDONESIA','31-136',NULL,NULL,NULL,NULL),(345,'OMEGA LESTARI MANDIRI, PT','31-158',NULL,NULL,NULL,NULL),(346,'OMNI HOSPITAL CIKARANG','31-801',NULL,NULL,NULL,NULL),(347,'ONE TIME VENDOR NON TRADE','31-000',NULL,NULL,NULL,NULL),(348,'OPTIMA SOLUSI PROKUALITAS, PT','31-203',NULL,NULL,NULL,NULL),(349,'OS SELNAJAYA INDONESIA, PT','31-740',NULL,NULL,NULL,NULL),(350,'OVAN PRODUCTION HOUSE','31-044',NULL,NULL,NULL,NULL),(351,'PAKAR IPAL INDONESIA, PT','31-223',NULL,NULL,NULL,NULL),(352,'Panca Tunggal Hakari, PT','31-879',NULL,NULL,NULL,NULL),(353,'PANCADAYA MANUNGGALSENTOSA, PT','31-226',NULL,NULL,NULL,NULL),(354,'PANDU DEWANATA GEMILANG, PT','31-055',NULL,NULL,NULL,NULL),(355,'PARTNER SEJATI ENGINEERING, CV','31-046',NULL,NULL,NULL,NULL),(356,'PATRARI JAYA UTAMA, PT','31-250',NULL,NULL,NULL,NULL),(357,'PB. TAXAND','31-145',NULL,NULL,NULL,NULL),(358,'PEKALONGAN FURNITURE','31-031',NULL,NULL,NULL,NULL),(359,'PELANGI INTI NET, PT','31-051',NULL,NULL,NULL,NULL),(360,'PELITA BUANA, CV','31-788',NULL,NULL,NULL,NULL),(361,'Perdana Artha Boga, PT','31-861',NULL,NULL,NULL,NULL),(362,'PERMATA HATI INDONESIA, PT','31-746',NULL,NULL,NULL,NULL),(363,'PERMATA KELUARGA - JABABEKA, RS','31-830',NULL,NULL,NULL,NULL),(364,'PERSEK KANAKA PURADIREDJA, SUHARTONO','31-922',NULL,NULL,NULL,NULL),(365,'PERSONALIA','31-083',NULL,NULL,NULL,NULL),(366,'PGA DEPT','31-075',NULL,NULL,NULL,NULL),(367,'PIONEER, PT','31-846',NULL,NULL,NULL,NULL),(368,'PISANG CRISPY','31-890',NULL,NULL,NULL,NULL),(369,'PITRI SNACK','31-966',NULL,NULL,NULL,NULL),(370,'PIZGO SOLUTION, CV','31-810',NULL,NULL,NULL,NULL),(371,'PKU MUHAMMADIYAH, RS','31-149',NULL,NULL,NULL,NULL),(372,'PLAZA MEDIS INDONESIA, PT','31-991',NULL,NULL,NULL,NULL),(373,'PLN (PERSERO), PT','31-134',NULL,NULL,NULL,NULL),(374,'PMI KARAWANG','31-800',NULL,NULL,NULL,NULL),(375,'POHON GRAHA INDAH, PT','31-179',NULL,NULL,NULL,NULL),(376,'POLYGON PERKASA INDONUSA, PT','31-755',NULL,NULL,NULL,NULL),(377,'PONDOK KARYA MEDIKA ( RSIA CINTA KASIH), PT','31-834',NULL,NULL,NULL,NULL),(378,'PPM MANAJEMEN','31-787',NULL,NULL,NULL,NULL),(379,'PQM (Productivity and Quality Management) Consultants','31-789',NULL,NULL,NULL,NULL),(380,'PRABU BUDI MULIA, PT','31-712',NULL,NULL,NULL,NULL),(381,'PRABU PURA MOTOR, PT','31-209',NULL,NULL,NULL,NULL),(382,'PRATAMA MOTOR','31-140',NULL,NULL,NULL,NULL),(383,'PRIMALAYAN CITRA MANDIRI, PT','31-996',NULL,NULL,NULL,NULL),(384,'PRIMAYA HOSPITAL','31-909',NULL,NULL,NULL,NULL),(385,'PRISMACO JAYA INDONESIA, PT','31-082',NULL,NULL,NULL,NULL),(386,'PRO OFFICE SUP., PT','31-010',NULL,NULL,NULL,NULL),(387,'PRODIA WIDYAHUSADA, PT','31-696',NULL,NULL,NULL,NULL),(388,'PROQUAMAN KONSULTAN, PT','31-200',NULL,NULL,NULL,NULL),(389,'PROXSIS SOLUSI BISNIS, PT','31-912',NULL,NULL,NULL,NULL),(390,'PT. DECHA MANDIRI SEJAHTERA','31-982',NULL,NULL,NULL,NULL),(391,'PT. LIA CITRA RASA','31-981',NULL,NULL,NULL,NULL),(392,'PT. ORIX INDONESIA FINANCE','31-071',NULL,NULL,NULL,NULL),(393,'PT. PRAMONO TRIPUTRA MANUNGGAL','31-065',NULL,NULL,NULL,NULL),(394,'PUK FSPMI AICC','31-690',NULL,NULL,NULL,NULL),(395,'PURNAMA LABORATORY, PT','31-817',NULL,NULL,NULL,NULL),(396,'PUSAT OTAK NASIONAL, RS','31-957',NULL,NULL,NULL,NULL),(397,'PUSAT PERLINDUNGAN & PENGELOLAAN LINGKUNGAN HIDUP','31-939',NULL,NULL,NULL,NULL),(398,'PUTRA GORDYN','31-117',NULL,NULL,NULL,NULL),(399,'PUTRA MUSTIKA TEKNIK, PT','31-745',NULL,NULL,NULL,NULL),(400,'PUTRA PARUNG JAYA, PT','31-204',NULL,NULL,NULL,NULL),(401,'PUTRA WIJAYA MANDIRI, PT','31-119',NULL,NULL,NULL,NULL),(402,'QINTHAR RESINDO LESTARI, PT','31-704',NULL,NULL,NULL,NULL),(403,'QUANTUM COMPUTER','31-033',NULL,NULL,NULL,NULL),(404,'RACH FRUIT','31-967',NULL,NULL,NULL,NULL),(405,'RAMA HADI, RS','31-914',NULL,NULL,NULL,NULL),(406,'RAMERTA LANGIT BUMI, PT','31-709',NULL,NULL,NULL,NULL),(407,'RANAFA PUTRA TEKNIK, PT','31-866',NULL,NULL,NULL,NULL),(408,'RASHAL SIAR CAKRA MEDIKA, PT','31-750',NULL,NULL,NULL,NULL),(409,'RATU MANDIRI UTAMA, PT','31-106',NULL,NULL,NULL,NULL),(410,'RB. BUAH HATI','31-177',NULL,NULL,NULL,NULL),(411,'RENTOKIL INDONESIA, PT','31-184',NULL,NULL,NULL,NULL),(412,'RESINDA HOTEL','31-826',NULL,NULL,NULL,NULL),(413,'RESTU JAYA SAMPURNA','31-020',NULL,NULL,NULL,NULL),(414,'RISK-CARE SERVICE INDONESIA, PT','31-836',NULL,NULL,NULL,NULL),(415,'RIVAL CLOTHING','31-995',NULL,NULL,NULL,NULL),(416,'RM. BERKAH MINANG','31-238',NULL,NULL,NULL,NULL),(417,'ROSELA, RS','31-679',NULL,NULL,NULL,NULL),(418,'RS ADVENT','31-088',NULL,NULL,NULL,NULL),(419,'RS ANANDA BEKASI','31-110',NULL,NULL,NULL,NULL),(420,'RS CITO KARAWANG','31-090',NULL,NULL,NULL,NULL),(421,'RS. AMANDA MITRA KELUARGA','31-931',NULL,NULL,NULL,NULL),(422,'RS. BAYUKARTA','31-118',NULL,NULL,NULL,NULL),(423,'RS. BELLEZA KEDATON','31-993',NULL,NULL,NULL,NULL),(424,'RS. EDELWEISS','31-240',NULL,NULL,NULL,NULL),(425,'RS. FIRDAUS','31-886',NULL,NULL,NULL,NULL),(426,'RS. GRAHA JUANDA','31-230',NULL,NULL,NULL,NULL),(427,'RS. GRHA KEDOYA','31-195',NULL,NULL,NULL,NULL),(428,'RS. HARAPAN BUNDA','31-885',NULL,NULL,NULL,NULL),(429,'RS. HASTIEN','31-237',NULL,NULL,NULL,NULL),(430,'RS. HELSA CIKAMPEK','31-872',NULL,NULL,NULL,NULL),(431,'RS. HERMINA BEKASI','31-197',NULL,NULL,NULL,NULL),(432,'RS. HERMINA DAAN MOGOT','31-216',NULL,NULL,NULL,NULL),(433,'RS. HERMINA PANDANARAN','31-207',NULL,NULL,NULL,NULL),(434,'RS. ISLAM KARAWANG','31-699',NULL,NULL,NULL,NULL),(435,'RS. IZZA','31-166',NULL,NULL,NULL,NULL),(436,'RS. JUANDA','31-863',NULL,NULL,NULL,NULL),(437,'RS. KARTIKA MEDICAL CENTER','31-190',NULL,NULL,NULL,NULL),(438,'RS. KARYA MEDIKA I','31-824',NULL,NULL,NULL,NULL),(439,'RS. KARYA MEDIKA II TAMBUN','31-194',NULL,NULL,NULL,NULL),(440,'RS. MITRA KELUARGA KELAPA GADING','31-990',NULL,NULL,NULL,NULL),(441,'RS. MITRA KEMAYORAN','31-199',NULL,NULL,NULL,NULL),(442,'RS. Mitra Plumbon','31-193',NULL,NULL,NULL,NULL),(443,'RS. PERMATA BEKASI','31-987',NULL,NULL,NULL,NULL),(444,'RS. PERMATA CIBUBUR','31-231',NULL,NULL,NULL,NULL),(445,'RS. PERMATA KELUARGA','31-202',NULL,NULL,NULL,NULL),(446,'RS. PONDOK INDAH PURI INDAH','31-814',NULL,NULL,NULL,NULL),(447,'RS. PURI ASIH','31-165',NULL,NULL,NULL,NULL),(448,'RS. TUGU IBU','31-965',NULL,NULL,NULL,NULL),(449,'RSIA KHALISHAH','31-087',NULL,NULL,NULL,NULL),(450,'RSIA MUTIARA PUTRI','31-864',NULL,NULL,NULL,NULL),(451,'RSIA RINOVA INTAN','31-851',NULL,NULL,NULL,NULL),(452,'RSIA. ANUGERAH MEDIKA','31-201',NULL,NULL,NULL,NULL),(453,'RSIA. BUDI KEMULIAAN','31-822',NULL,NULL,NULL,NULL),(454,'RSIA. SENTUL CIKAMPEK','31-821',NULL,NULL,NULL,NULL),(455,'RSU BUNDA MARGONDA','31-852',NULL,NULL,NULL,NULL),(456,'RSU HERMINA SUKABUMI','31-988',NULL,NULL,NULL,NULL),(457,'RSU SIAGA MEDIKA','31-091',NULL,NULL,NULL,NULL),(458,'RSU. PERMATA BUNDA','31-854',NULL,NULL,NULL,NULL),(459,'RSU. SARASWATI','31-820',NULL,NULL,NULL,NULL),(460,'RSU. SIAGA MEDIKA PEMALANG','31-191',NULL,NULL,NULL,NULL),(461,'RSU. UNIVERSITAS MUHAMMADIYAH MALANG','31-227',NULL,NULL,NULL,NULL),(462,'RUKUN ABADI RETAILINDO, PT','31-918',NULL,NULL,NULL,NULL),(463,'RUMAH SAKIT ANANDA PURWOKERTO','31-784',NULL,NULL,NULL,NULL),(464,'RUMAH SAKIT KARYA HUSADA','31-769',NULL,NULL,NULL,NULL),(465,'SAFFIRA NUSANTARA, CV','31-130',NULL,NULL,NULL,NULL),(466,'SAHID CIKARANG INTERNATIONAL, PT','31-175',NULL,NULL,NULL,NULL),(467,'SAIKO TECHNO SUKSESTAMA, PT','31-735',NULL,NULL,NULL,NULL),(468,'SAIRA TEKNIK, CV','31-778',NULL,NULL,NULL,NULL),(469,'SAKURA JAYA SOLUSI, PT','31-984',NULL,NULL,NULL,NULL),(470,'SAKURA LANGGENG BAROKAH, PT','31-734',NULL,NULL,NULL,NULL),(471,'SAN MEDICAL CETER HOSPITAL','31-239',NULL,NULL,NULL,NULL),(472,'SANGGAR KARYA','31-855',NULL,NULL,NULL,NULL),(473,'SANKO SOFLAN INDONESIA, PT','31-756',NULL,NULL,NULL,NULL),(474,'SANTOSA HOSPITAL','31-901',NULL,NULL,NULL,NULL),(475,'SAPTA SEGARA, CV','31-061',NULL,NULL,NULL,NULL),(476,'SAYAP BIRU EXPRESS','31-152',NULL,NULL,NULL,NULL),(477,'SEGORO ENAKABE ABADI, PT','31-245',NULL,NULL,NULL,NULL),(478,'SEIRAH WISATA ALI TAKRIM, PT','31-073',NULL,NULL,NULL,NULL),(479,'SEJAHTERA MITRA BERSAMA, PT','31-112',NULL,NULL,NULL,NULL),(480,'SEKAWAN PUTRA MAKMUR, PT','31-131',NULL,NULL,NULL,NULL),(481,'SELERA NUSANTARA GEMILAN','31-701',NULL,NULL,NULL,NULL),(482,'SELINA FAHNIZA, SH','31-999',NULL,NULL,NULL,NULL),(483,'SELNAJAYA PRIMA, PT','31-103',NULL,NULL,NULL,NULL),(484,'SENTRA MEDIKA, RS','31-770',NULL,NULL,NULL,NULL),(485,'Sentra Suksestama Sentosa, PT','31-880',NULL,NULL,NULL,NULL),(486,'SENTRAL SISTEM CONSULTING','31-059',NULL,NULL,NULL,NULL),(487,'SENTRAL TEHNOLOGI MANAGEMEN, PT','31-021',NULL,NULL,NULL,NULL),(488,'SERASI MITRA MOBIL, PT','31-969',NULL,NULL,NULL,NULL),(489,'SERENA ABADI, CV','31-876',NULL,NULL,NULL,NULL),(490,'SERVICE LCD PROYEKTOR.COM','31-104',NULL,NULL,NULL,NULL),(491,'SETO HASSADI, RS','31-187',NULL,NULL,NULL,NULL),(492,'SGS INDONESIA, PT','31-058',NULL,NULL,NULL,NULL),(493,'SHAFAKYRA NAJAH, UD','31-895',NULL,NULL,NULL,NULL),(494,'SHOURI BERKAH SAMUDRA, CV','31-827',NULL,NULL,NULL,NULL),(495,'SIANTAR ROTI','31-220',NULL,NULL,NULL,NULL),(496,'SIB COMPUTER','31-045',NULL,NULL,NULL,NULL),(497,'SIGMA FURNITURE, PT','31-011',NULL,NULL,NULL,NULL),(498,'SILBIKA SNACK','31-927',NULL,NULL,NULL,NULL),(499,'SILOAM ASRI, RS','31-779',NULL,NULL,NULL,NULL),(500,'SILOAM HOSPITAL - CIKARANG','31-086',NULL,NULL,NULL,NULL),(501,'SILOAM HOSPITAL TB SIMATUPANG','31-868',NULL,NULL,NULL,NULL),(502,'SILOAM HOSPITALS (PURWAKARTA)','31-773',NULL,NULL,NULL,NULL),(503,'SILTAMA PARTABUR JAYA, PT','31-212',NULL,NULL,NULL,NULL),(504,'SIMA AGUSTUS, PT','31-062',NULL,NULL,NULL,NULL),(505,'SIMBION JAYA UTAMA, PT','31-955',NULL,NULL,NULL,NULL),(506,'SINAR AGUNG MARUTETSU, PT','31-159',NULL,NULL,NULL,NULL),(507,'SINAR INDO MUSTIKA, CV','31-954',NULL,NULL,NULL,NULL),(508,'SINAR MANDIRI TEKNIK BEKASI, CV','31-217',NULL,NULL,NULL,NULL),(509,'SOLUSI TRANSPORTASI INDONESIA, PT','31-835',NULL,NULL,NULL,NULL),(510,'SOMBOON YUPRAPAN','31-751',NULL,NULL,NULL,NULL),(511,'SPYCOM ELECTRONIC INDONESIA, PT','31-241',NULL,NULL,NULL,NULL),(512,'SRI REJEKI, CV','31-142',NULL,NULL,NULL,NULL),(513,'SRIKANDI BINTANG PERSADA, PT','31-693',NULL,NULL,NULL,NULL),(514,'SRIKANDI DIAMOND MOTORS, PT','31-973',NULL,NULL,NULL,NULL),(515,'ST. ELISABETH, RS','31-910',NULL,NULL,NULL,NULL),(516,'STEVEN & MOURITS','31-215',NULL,NULL,NULL,NULL),(517,'SUCOFINDO, PT','31-111',NULL,NULL,NULL,NULL),(518,'SUGITO TEDJAMULJA, SH','31-143',NULL,NULL,NULL,NULL),(519,'SUKANDA DJAYA, PT','31-732',NULL,NULL,NULL,NULL),(520,'SUKINDO','31-027',NULL,NULL,NULL,NULL),(521,'SUPRA PRIMATAMA NUSANTARA, PT','31-673',NULL,NULL,NULL,NULL),(522,'SURYA EKA PRATAMA, CV','31-936',NULL,NULL,NULL,NULL),(523,'SURYA INTERNUSA HOTELS, PT','31-884',NULL,NULL,NULL,NULL),(524,'SURYA MAKMUR, PT','31-012',NULL,NULL,NULL,NULL),(525,'SURYA PRATAMA KONSULTINDO, PT','31-929',NULL,NULL,NULL,NULL),(526,'SUWARTI','31-823',NULL,NULL,NULL,NULL),(527,'SYAFFIRA BERKAH, UD','31-843',NULL,NULL,NULL,NULL),(528,'SYNERGIS DAVREN INDONESIA, PT','31-799',NULL,NULL,NULL,NULL),(529,'SYSLAB, PT','31-877',NULL,NULL,NULL,NULL),(530,'TARUMA DIRGANTARA TOURINDO, PT','31-765',NULL,NULL,NULL,NULL),(531,'TAUQOLY ABADI CIKARANG','31-816',NULL,NULL,NULL,NULL),(532,'TAURINA TRAVEL DJAYA, PT','31-137',NULL,NULL,NULL,NULL),(533,'TELEKOMUNIKASI INDONESIA, TBK., PT UNIT ENTERPRISE REGI','31-036',NULL,NULL,NULL,NULL),(534,'TELKOM, PT','31-189',NULL,NULL,NULL,NULL),(535,'TELKOMSEL','31-157',NULL,NULL,NULL,NULL),(536,'TIARA, CV','31-057',NULL,NULL,NULL,NULL),(537,'TIFFANY BAKERY','31-147',NULL,NULL,NULL,NULL),(538,'TIM BIOPORI IPB','31-064',NULL,NULL,NULL,NULL),(539,'Timur Jaya, CV','31-859',NULL,NULL,NULL,NULL),(540,'TIRTA JAYA, PT','31-013',NULL,NULL,NULL,NULL),(541,'TITIAN BUNDA, RSU','31-763',NULL,NULL,NULL,NULL),(542,'TITIAN SARI BOGA, CV','31-739',NULL,NULL,NULL,NULL),(543,'TOA GALVA PRIMA KARYA, PT','31-229',NULL,NULL,NULL,NULL),(544,'TOKO ANDRIAN ANEKA FOODS','31-970',NULL,NULL,NULL,NULL),(545,'TOKO ASH SIDIQ','31-975',NULL,NULL,NULL,NULL),(546,'TOKO BAHAGIA NURSERY','31-170',NULL,NULL,NULL,NULL),(547,'TOKO ES KRIM NAFIZ','31-964',NULL,NULL,NULL,NULL),(548,'TOKO RAJA NGEMIL','31-897',NULL,NULL,NULL,NULL),(549,'TRI ARINI SYAUQI, CV','31-185',NULL,NULL,NULL,NULL),(550,'TRI JAYA EKA UTAMA, PT','31-097',NULL,NULL,NULL,NULL),(551,'TRI PUTRI WULANDARI','31-813',NULL,NULL,NULL,NULL),(552,'TRI UTAMA PUTRA MATARAM, PT','31-980',NULL,NULL,NULL,NULL),(553,'TRIMITRA MEGA MULIA, PT','31-815',NULL,NULL,NULL,NULL),(554,'TRISAKA SINERGI UTAMA, PT','31-222',NULL,NULL,NULL,NULL),(555,'TRITANU, PT','31-025',NULL,NULL,NULL,NULL),(556,'TSAR PAWON','31-224',NULL,NULL,NULL,NULL),(557,'TTL RESIDENCES, PT','31-733',NULL,NULL,NULL,NULL),(558,'TUNAS MITRA MANDIRI, CV','31-188',NULL,NULL,NULL,NULL),(559,'TUW GLOBAL INTERNATIONAL','31-940',NULL,NULL,NULL,NULL),(560,'ULTRAJAYA MILK INDUSTRY & TRAIDING COMPANY Tbk, PT','31-717',NULL,NULL,NULL,NULL),(561,'UPAYA RIKSA PATRA, PT','31-246',NULL,NULL,NULL,NULL),(562,'VEXA DINAMIKA TEKNOLOGI','31-985',NULL,NULL,NULL,NULL),(563,'VISINDO GLORIATAMA,PT','31-708',NULL,NULL,NULL,NULL),(564,'VISITELECOM INDONESIA, PT','31-714',NULL,NULL,NULL,NULL),(565,'WAHANA DISTRIBUSINDO INDONESIA','31-085',NULL,NULL,NULL,NULL),(566,'WAHANA INOVASI LINTAS LANGIT INDONESIA, PT','31-919',NULL,NULL,NULL,NULL),(567,'WAHANA TIRTA UTAMA, PT','31-077',NULL,NULL,NULL,NULL),(568,'WAHYUNUGRAHA PUTRA PERKASA, PT','31-702',NULL,NULL,NULL,NULL),(569,'WALET EMAS MULTI PERKASA, PT','31-893',NULL,NULL,NULL,NULL),(570,'WENANG JAYA MANDIRI, CV','31-014',NULL,NULL,NULL,NULL),(571,'WIJAYA KARYA BANGUNAN GEDUNG, PT','31-205',NULL,NULL,NULL,NULL),(572,'WIJOYO CITRA SINERGY, PT','31-727',NULL,NULL,NULL,NULL),(573,'Wisma Karawang, PT','31-725',NULL,NULL,NULL,NULL),(574,'WL SNACK','31-932',NULL,NULL,NULL,NULL),(575,'WOERYONO SH','31-135',NULL,NULL,NULL,NULL),(576,'WSW Car Rental','31-181',NULL,NULL,NULL,NULL),(577,'XANDRINA INFORMATIKA','31-067',NULL,NULL,NULL,NULL),(578,'YAYASAN KARYA MANDIRI KARAWANG','31-206',NULL,NULL,NULL,NULL),(579,'YAYASAN MATSUSHITA GOBEL','31-979',NULL,NULL,NULL,NULL),(580,'YUFA UBETINDO MAKMUR, CV','31-946',NULL,NULL,NULL,NULL),(581,'ZF DIGITAL Indonesia, CV','31-867',NULL,NULL,NULL,NULL),(582,'ZYREXINDO  MANDIRI BUANA, PT','31-019',NULL,NULL,NULL,NULL),(1024,'WAHANA SAFETY INDONESIA, PT','21-306','2024-12-09 00:00:00',NULL,NULL,NULL);
/*!40000 ALTER TABLE `tb_suppliers` ENABLE KEYS */;
UNLOCK TABLES;

--
-- Table structure for table `tb_user`
--

DROP TABLE IF EXISTS `tb_user`;
/*!40101 SET @saved_cs_client     = @@character_set_client */;
/*!50503 SET character_set_client = utf8mb4 */;
CREATE TABLE `tb_user` (
  `id` int(11) NOT NULL AUTO_INCREMENT,
  `nama` varchar(50) DEFAULT NULL,
  `section_id` int(11) DEFAULT '0',
  `usr` varchar(50) DEFAULT NULL,
  `pswd` text,
  `email` varchar(150) DEFAULT NULL,
  `no_hp` varchar(15) DEFAULT NULL,
  `kode_user` varchar(50) DEFAULT NULL,
  `is_active` int(11) DEFAULT '0',
  `level` int(1) DEFAULT '0' COMMENT '0:User, 1:IT',
  `is_user_computer` int(11) DEFAULT '0',
  `created_at` datetime DEFAULT NULL,
  `image_sign` varchar(50) DEFAULT NULL,
  PRIMARY KEY (`id`) USING BTREE,
  KEY `FK_tb_user_tb_section` (`section_id`),
  KEY `usr` (`usr`),
  CONSTRAINT `FK_tb_user_tb_section` FOREIGN KEY (`section_id`) REFERENCES `tb_section` (`id`)
) ENGINE=InnoDB AUTO_INCREMENT=276 DEFAULT CHARSET=latin1;
/*!40101 SET character_set_client = @saved_cs_client */;

--
-- Dumping data for table `tb_user`
--

LOCK TABLES `tb_user` WRITE;
/*!40000 ALTER TABLE `tb_user` DISABLE KEYS */;
INSERT INTO `tb_user` VALUES (1,'KOICHI ITO',40,'ITO','3ac21c3ab1cd2502f1b93ff0c251a03f','koichi.ito@ijtt-id.com',NULL,'3100011102',0,0,1,'2025-08-22 15:45:27',NULL),(2,'MASAHIKO SATO',41,'IFU','d41d8cd98f00b204e9800998ecf8427e','masahiko.sato@ijtt-id.com','','3100208103',0,0,1,'2025-05-09 15:08:23',NULL),(3,'I KETUT DARMA SUTHA ',34,'IKD','827ccb0eea8a706c4c34a16891f84e7b','darma.sutha@ijtt-id.com',NULL,'3109509116',1,0,1,'2023-08-06 10:32:00',NULL),(4,'AGUNG TJAHJA I',34,'ATJ','da6747066a92bb7b00298643f1ef15e8','agung.tjahja@ijtt-id.com',NULL,'3109602108',1,0,1,'2025-02-12 16:20:59',NULL),(5,'JULITAR MALAU',38,'JLT','827ccb0eea8a706c4c34a16891f84e7b','julitar.malau@ijtt-id.com',NULL,'3102709101',1,0,1,'2023-08-06 10:32:00',NULL),(6,'ADE DILLA YULIANSYAH',36,'ADI','827ccb0eea8a706c4c34a16891f84e7b','ade.dilla@ijtt-id.com',NULL,'3102911101',1,0,1,'2023-08-06 10:32:00',NULL),(7,'CECEP JAPAR',37,'CJA','827ccb0eea8a706c4c34a16891f84e7b','cecep.japar@ijtt-id.com',NULL,'3102202102',1,0,1,'2023-08-06 10:32:00',NULL),(8,'SIGIT WAHYU UTOMO',9,'SWU','827ccb0eea8a706c4c34a16891f84e7b','sigit.wahyu@ijtt-id.com','','3109506141',1,0,1,'2025-08-22 15:31:08',NULL),(9,'AGUSTINUS HARI PRASE',25,'AHP','d98e96c03389f528ec9a597645497a9d','agustinus@ijtt-id.com',NULL,'3102711102',1,0,1,'2023-08-06 10:32:00',NULL),(10,'AL AZHARY PUTERA SAT',20,'APS','d41d8cd98f00b204e9800998ecf8427e','azhary.putera@ijtt-id.com',NULL,'3100204101',0,0,1,'2023-08-06 10:32:00',NULL),(11,'ABDUL MATIN',16,'AMA','827ccb0eea8a706c4c34a16891f84e7b','core.aceline@ijtt-id.com',NULL,'3101210112',1,0,1,'2023-08-06 10:32:00',NULL),(12,'AHMAD HIDAYAT',16,'AHD','d41d8cd98f00b204e9800998ecf8427e','ahmad.hidayat@ijtt-id.com','','3109204127',0,0,0,'2023-08-06 10:32:00',NULL),(13,'AGUS SASONO',17,'AGS','d41d8cd98f00b204e9800998ecf8427e','agus.sasono@ijtt-id.com','','3109307112',0,0,0,'2023-08-06 10:32:00',NULL),(14,'RIKY PAIZAL',17,'RKY','827ccb0eea8a706c4c34a16891f84e7b','riky.paizal@ijtt-id.com',NULL,'3101210205',1,0,1,'2023-08-06 10:32:00',NULL),(15,'ROSIAN  AKBAR SURYAN',19,'RAK','827ccb0eea8a706c4c34a16891f84e7b','rosian.akbar@ijtt-id.com',NULL,'3101210131',0,0,0,'2023-08-06 10:32:00',NULL),(16,'ADE JOHARI',18,'ADJ','827ccb0eea8a706c4c34a16891f84e7b','ade.johari@ijtt-id.com',NULL,'3109308125',1,0,1,'2023-08-06 10:32:00',NULL),(17,'SUTRISNA',18,'STN','827ccb0eea8a706c4c34a16891f84e7b','sutrisna@ijtt-id.com','','3101309110',1,0,1,'2023-08-06 10:32:00',NULL),(18,'HERI SUTRISNO',19,'HSU1','d41d8cd98f00b204e9800998ecf8427e','heri.sutrisno@ijtt-id.com','','3109012109',1,0,0,'2025-08-01 10:49:08',NULL),(19,'SYAIFUL MILLAH ARDI',20,'SMI','827ccb0eea8a706c4c34a16891f84e7b','syaiful.millah.ardi@ijtt-id.com',NULL,'3101505101',1,0,1,'2023-08-06 10:32:00',NULL),(20,'ARFAN ANWAR',48,'ARF','827ccb0eea8a706c4c34a16891f84e7b','arfan.anwar@ijtt-id.com','','3100202101',1,0,1,'2025-03-21 15:29:09',NULL),(21,'DEWI RIAWATI',5,'DRI','a43e77edbc8d7ee7a8339c4238191b91','export.import2@ijtt-id.com','','3101404102',1,0,1,'2025-07-31 11:41:00',NULL),(22,'BADRUZAMAN YUDHA',5,'BYU','827ccb0eea8a706c4c34a16891f84e7b','export.import3@ijtt-id.com',NULL,'3101702101',1,0,1,'2023-08-06 10:32:00',NULL),(23,'KIKI KASMARA',8,'KKS','827ccb0eea8a706c4c34a16891f84e7b','kiki.kasmara@ijtt-id.com','','3101312102',1,0,1,'2023-08-06 10:32:00',NULL),(24,'BAYU AJI PRABOWO',2,'BAP','827ccb0eea8a706c4c34a16891f84e7b','cost.accounting@ijtt-id.com',NULL,'3101805102',1,0,1,'2023-08-06 10:32:00',NULL),(25,'IMAN TONI NAINGGOLAN',8,'IMT','827ccb0eea8a706c4c34a16891f84e7b','pajak@ijtt-id.com','','3101603101',1,0,1,'2025-01-21 15:54:57',NULL),(26,'MARUNTUNG SIANIPAR',7,'MRT','827ccb0eea8a706c4c34a16891f84e7b','accounting@ijtt-id.com','','3101204101',1,0,1,'2025-07-31 16:03:30',NULL),(27,'HARTANTO',2,'HTT','827ccb0eea8a706c4c34a16891f84e7b','hartanto@ijtt-id.com','','3102905101',1,0,1,'2023-08-06 10:32:00',NULL),(28,'RABI YUKHA SABRIE',13,'YKA','827ccb0eea8a706c4c34a16891f84e7b','yukha@ijtt-id.com','','3102802101',1,0,1,'2023-08-06 10:32:00',NULL),(29,'MUHTAR',6,'MHR','827ccb0eea8a706c4c34a16891f84e7b','muhtar@ijtt-id.com','','3102809103',1,0,1,'2023-08-06 10:32:00',NULL),(30,'BAYU AMIJAYA',6,'BAM','827ccb0eea8a706c4c34a16891f84e7b','bayu.bam@ijtt-id.com',NULL,'3101211102',1,0,1,'2023-08-06 10:32:00',NULL),(31,'JEFRY HALIM',6,'JHM','827ccb0eea8a706c4c34a16891f84e7b','jefry@ijtt-id.com','','3101607101',1,0,1,'2023-08-06 10:32:00',NULL),(32,'ANDRI FITRIA',14,'ANF','fb87582825f9d28a8d42c5e5e5e8b23d','andri.fitria@ijtt-id.com','','3102211108',1,0,1,'2023-08-06 10:32:00','3102211108_ANF.png'),(33,'KHARIS RAHASTU HIDAYAT',15,'KHR','3ac21c3ab1cd2502f1b93ff0c251a03f','icl@ijtt-id.com','','3101210224',1,0,1,'2025-06-20 14:48:06',NULL),(34,'AJAT SUDRAJAT',14,'AJT','827ccb0eea8a706c4c34a16891f84e7b','inventory.logistic@ijtt-id.com',NULL,'3102401116',1,0,1,'2023-08-06 10:32:00','3102401116_AJT.png'),(36,'LUKMANUL HAKIM',25,'LHA','943c476af5b9353f826f6fa137c61c04','lukman@ijtt-id.com','','3101205108',1,0,1,'2025-04-30 07:43:43',NULL),(37,'BINTER SITOMPUL',1,'BSI','d41d8cd98f00b204e9800998ecf8427e','binter.sitompul@ijtt-id.com',NULL,'3109901135',0,0,1,'2023-08-06 10:32:00',NULL),(38,'TAUFIQ HIDAYATULLAH',1,'THI','e10adc3949ba59abbe56e057f20f883e','taufiq.hidayatullah@ijtt-id.com',NULL,'3101910101',1,1,1,'2023-08-06 10:32:00',NULL),(39,'YANDY',25,'YND','d41d8cd98f00b204e9800998ecf8427e','yandy@ijtt-id.com',NULL,'3102702108',1,0,1,'2023-08-06 10:32:00',NULL),(40,'AHMAD SOBANA',21,'OBN','827ccb0eea8a706c4c34a16891f84e7b','ade.suparno@ijtt-id.com',NULL,'3101210103',1,0,1,'2023-08-06 10:32:00',NULL),(41,'BUDI SUSETYO',21,'BSU','827ccb0eea8a706c4c34a16891f84e7b','budi.susetyo@ijtt-id.com',NULL,'3109503158',1,0,1,'2023-08-06 10:32:00',NULL),(42,'AGUS SUDIONO',22,'ASO','3ac21c3ab1cd2502f1b93ff0c251a03f','agus.sudiono@ijtt-id.com',NULL,'3102307102',1,0,1,'2025-08-22 15:05:08',NULL),(43,'WIWIT HERYANTO',23,'WWT','827ccb0eea8a706c4c34a16891f84e7b','susanto@ijtt-id.com',NULL,'3101210254',1,0,1,'2023-08-06 10:32:00',NULL),(44,'WISNU GINANJAR',20,'WIG','827ccb0eea8a706c4c34a16891f84e7b','winsu.ginanjar@ijtt-id.com',NULL,'3101503101',1,0,1,'2023-08-06 10:32:00',NULL),(45,'LISNA APRIYANTI',25,'LSA','827ccb0eea8a706c4c34a16891f84e7b','cost.controller@ijtt-id.com',NULL,'3100208101',1,0,1,'2023-08-06 10:32:00',NULL),(46,'JUSEPA FATHULLAESA SUHILMAN',25,'JFA','d41d8cd98f00b204e9800998ecf8427e','jusepa.fathullaesa@ijtt-id.com',NULL,'3101308109',1,0,1,'2023-08-06 10:32:00',NULL),(47,'INDRA HARI MUKTI',25,'IHM','3ac21c3ab1cd2502f1b93ff0c251a03f','indra@ijtt-id.com',NULL,'3101801102',1,0,1,'2025-05-14 15:04:56',NULL),(48,'ADE AJAM',22,'ADA1','3ac21c3ab1cd2502f1b93ff0c251a03f','finishing.jsh@ijtt-id.com',NULL,'3102307103',1,0,1,'2025-08-25 14:25:25',NULL),(49,'YONO WARYONO',24,'YON','827ccb0eea8a706c4c34a16891f84e7b','molding.jsh@ijtt-id.com',NULL,'3101210287',1,0,1,'2023-08-06 10:32:00',NULL),(50,'KOSWARA',20,'KSR','827ccb0eea8a706c4c34a16891f84e7b','koswara@ijtt-id.com','','3102212101',1,0,1,'2023-08-06 10:32:00',NULL),(51,'MUHAMAD NUR INDRAJATI',25,'IJA','827ccb0eea8a706c4c34a16891f84e7b','mnurindrajati@ijtt-id.com','','3100207903',1,0,1,'2025-01-03 15:07:38',NULL),(52,'WAYAN PAGEH',12,'WYN','608f0c8bb9e579916de24529e1b6f08f','wayan@ijtt-id.com',NULL,'3102809102',1,0,1,'2023-08-06 10:32:00',NULL),(53,'BENNY SUSANTO',13,'BSU','827ccb0eea8a706c4c34a16891f84e7b','benny.susanto@ijtt-id.com',NULL,'3109906104',1,0,1,'2023-08-06 10:32:00',NULL),(54,'ARHAN HABIBIE',13,'AHB','089860cca0e48f22428e0013ec1f6524','habibie@ijtt-id.com',NULL,'3101402103',1,0,1,'2023-08-06 10:32:00',NULL),(55,'NIKCO AGUNG PRASETYO',13,'NAP','827ccb0eea8a706c4c34a16891f84e7b','nikco.agung.prasetyo@ijtt-id.com',NULL,'3101512101',1,0,1,'2023-08-06 10:32:00',NULL),(56,'KURNIAWAN',13,'KUR','827ccb0eea8a706c4c34a16891f84e7b','kurniawan@ijtt-id.com',NULL,'3102212102',1,0,1,'2023-08-06 10:32:00',NULL),(57,'JUWARTO',13,'JAR','827ccb0eea8a706c4c34a16891f84e7b','juwarto@ijtt-id.com',NULL,'3102209112',1,0,1,'2023-08-06 10:32:00',NULL),(58,'RIFKI DANIL',13,'RDN','827ccb0eea8a706c4c34a16891f84e7b','rifki.danil@ijtt-id.com',NULL,'3101107101',1,0,1,'2023-08-06 10:32:00',NULL),(59,'FARID GUNAWAN',13,'FAG','827ccb0eea8a706c4c34a16891f84e7b','farid.gunawan@ijtt-id.com',NULL,'3101503106',1,0,1,'2023-08-06 10:32:00',NULL),(60,'ALFI SAPTOAJI',13,'ALS','827ccb0eea8a706c4c34a16891f84e7b','alfi.saptoaji@ijtt-id.com',NULL,'3100208102',1,0,1,'2023-08-06 10:32:00',NULL),(61,'TARMUDI',11,'TAR','827ccb0eea8a706c4c34a16891f84e7b','tarmudi@ijtt-id.com',NULL,'3102209101',1,0,1,'2023-08-06 10:32:00',NULL),(62,'DAYAS',11,'DYS','827ccb0eea8a706c4c34a16891f84e7b','dayas@ijtt-id.com',NULL,'3101005106',1,0,1,'2023-08-06 10:32:00',NULL),(63,'CIPTO WIDIARSO PUTRO',3,'CWI','86570da421a5cf36272ba86609a65b0e','cipto@ijtt-id.com',NULL,'3101003101',1,0,1,'2023-08-06 10:32:00',NULL),(64,'READY CATUR PAMUNGKA',3,'RCP','827ccb0eea8a706c4c34a16891f84e7b','ready.catur@ijtt-id.com',NULL,'3102806106',1,0,1,'2023-08-06 10:32:00',NULL),(65,'SUMARDI',4,'SUM','827ccb0eea8a706c4c34a16891f84e7b','sumardi@ijtt-id.com',NULL,'3109906103',1,0,1,'2023-08-06 10:32:00',NULL),(66,'HARLAN JAELANI',3,'HJA','827ccb0eea8a706c4c34a16891f84e7b','harlan@ijtt-id.com',NULL,'3101311101',1,0,1,'2023-08-06 10:32:00',NULL),(67,'ARIES BUDIMAN ALAMSY',3,'ABU','827ccb0eea8a706c4c34a16891f84e7b','aries.budiman@ijtt-id.com',NULL,'3101606101',1,0,1,'2023-08-06 10:32:00',NULL),(68,'RAHMAT BUDIMAN',3,'RBU','827ccb0eea8a706c4c34a16891f84e7b','rahmat.budiman@ijtt-id.com',NULL,'3101503108',1,0,1,'2023-08-06 10:32:00',NULL),(69,'WILDAN',3,'WDN','827ccb0eea8a706c4c34a16891f84e7b','wildan@ijtt-id.com',NULL,'3101803102',1,0,1,'2023-08-06 10:32:00',NULL),(70,'MANAN NUR FAUSIN',3,'MNU','827ccb0eea8a706c4c34a16891f84e7b','manan.nur@ijtt-id.com',NULL,'3101709101',1,0,1,'2025-02-25 08:21:24',NULL),(71,'DIKO PERMANA',3,'DPE','01cfcd4f6b8770febfb40cb906715822','diko.permana@ijtt-id.com',NULL,'3101810101',1,0,1,'2023-08-06 10:32:00',NULL),(72,'ADITIA SETIAWAN',3,'ADS','6360ef242868c6b149f7d557ba578044','aditia@ijtt-id.com','','3101402101',1,0,1,'2025-06-09 11:03:08',NULL),(73,'TRI WURYANTORO',30,'TWU','d41d8cd98f00b204e9800998ecf8427e','tri.w@ijtt-id.com','','3109308124',0,0,0,'2023-08-06 10:32:00',NULL),(74,'NOVIANTO KHARISMA WA',55,'NKW','827ccb0eea8a706c4c34a16891f84e7b','novianto@ijtt-id.com','','3101606103',1,0,1,'2023-08-06 10:32:00',NULL),(75,'AGIS MUJIBI',9,'AMU','e10adc3949ba59abbe56e057f20f883e','agis.mujibi@ijtt-id.com',NULL,'3101801101',1,0,1,'2023-08-06 10:32:00',NULL),(76,'RIZAL KURNIAWAN',30,'RKU','827ccb0eea8a706c4c34a16891f84e7b','rizal.kurniawan@ijtt-id.com','','3101404101',1,0,1,'2025-02-11 08:35:03',NULL),(77,'ASEP IRAWAN SUMANTRI',55,'AIR','d41d8cd98f00b204e9800998ecf8427e','asep.irawan.sumantri@ijtt-id.com','','3109309124',1,0,1,'2023-08-06 10:32:00',NULL),(78,'TRI RATNA',55,'TRA','827ccb0eea8a706c4c34a16891f84e7b','tri.ratna@ijtt-id.com',NULL,'3101607102',1,0,1,'2023-08-06 10:32:00',NULL),(79,'IMAM MAULANA',30,'IMM','827ccb0eea8a706c4c34a16891f84e7b','imam@ijtt-id.com','','3102307106',1,0,1,'2025-05-27 15:21:22',NULL),(80,'TAUPIK SAHBANA',9,'TSA','d41d8cd98f00b204e9800998ecf8427e','taupik.sahbana@ijtt-id.com',NULL,'3101201102',0,0,1,'2023-08-06 10:32:00',NULL),(81,'NANDA NUR AYU SAGITA',9,'NAS','d41d8cd98f00b204e9800998ecf8427e','nanda@ijtt-id.com','','3101811101',0,0,0,'2023-08-06 10:32:00',NULL),(82,'GIASTI PUSTIKASARI',39,'GPU','d41d8cd98f00b204e9800998ecf8427e','gias@ijtt-id.com','','3102904102',0,0,1,'2025-07-08 09:11:12',NULL),(83,'FARAZ MUHAMMAD',30,'FMU','d41d8cd98f00b204e9800998ecf8427e','faraz@ijtt-id.com','','3100111909',0,0,0,'2023-08-06 10:32:00',NULL),(84,'ANTONIUS DANDI PURWA',15,'ADP','e10adc3949ba59abbe56e057f20f883e','antonius.dandi@ijtt-id.com','','3102202101',1,0,1,'2023-08-06 10:32:00','3102202101_ADP_.png'),(85,'AGUNG SUDRAJAT',15,'AGD','827ccb0eea8a706c4c34a16891f84e7b','agung.sudrajat@ijtt-id.com','','3101411101',1,0,1,'2023-08-06 10:32:00',NULL),(86,'BABAN SYAMBAS',15,'BAS','827ccb0eea8a706c4c34a16891f84e7b','baban.syambas@ijtt-id.com','','3101312101',1,0,1,'2025-01-17 15:10:27',NULL),(87,'WIBAWA NEGORO DHARMA',15,'WIB','d41d8cd98f00b204e9800998ecf8427e','wibawa.negoro@ijtt-id.com','','3102306104',0,0,0,'2023-08-06 10:32:00',NULL),(88,'CARIM SUWIRYO',15,'CSU','827ccb0eea8a706c4c34a16891f84e7b','ppc@ijtt-id.com',NULL,'3101503105',1,0,1,'2023-08-06 10:32:00',NULL),(89,'AMINUDIN',15,'AMN','827ccb0eea8a706c4c34a16891f84e7b','aminudin@ijtt-id.com',NULL,'3101503104',1,0,1,'2023-08-06 10:32:00',NULL),(90,'DANDI DEUTERANDI',5,'DDU','827ccb0eea8a706c4c34a16891f84e7b','dandi.deuterandi@ijtt-id.com','','3101406101',1,0,1,'2025-07-31 14:08:09',NULL),(91,'MOHAMAD BACHRUDIN',5,'MBA','827ccb0eea8a706c4c34a16891f84e7b','mohamad.bachrudin@ijtt-id.com',NULL,'3102209102',1,0,1,'2023-08-06 10:32:00',NULL),(92,'CARLINNA',48,'CAR','d41d8cd98f00b204e9800998ecf8427e','carlinna@ijtt-id.com',NULL,'3101210298',1,0,1,'2023-08-06 10:32:00',NULL),(93,'ERNI YULIATI',48,'ERY','827ccb0eea8a706c4c34a16891f84e7b','purchasing@ijtt-id.com','','3101302101',1,0,1,'2025-03-17 16:24:58',NULL),(94,'SAEPUDIN',27,'SAE','827ccb0eea8a706c4c34a16891f84e7b','saepudin@ijtt-id.com','','3101302103',1,0,1,'2023-08-06 10:32:00',NULL),(95,'TITA ATIATUL MAULA',7,'TAM','827ccb0eea8a706c4c34a16891f84e7b','quality.assurance@ijtt-id.com','','3101802101',1,0,1,'2025-04-22 14:23:18',NULL),(96,'IMAM SUBHEKTI',45,'ISU','3ac21c3ab1cd2502f1b93ff0c251a03f','imam@ijtt-id.com','','3101112102',1,0,1,'2025-06-30 13:43:33',NULL),(97,'BAMBANG SULISTYO',26,'BST','827ccb0eea8a706c4c34a16891f84e7b','bambang.sulistyo@ijtt-id.com','','3102307104',1,0,1,'2025-02-26 10:43:10',NULL),(98,'NOVA DWI PRIHADI',27,'NDP','3239b13e4322b65715fe9db5f1d181ba','nova.dwi.prihadi@ijtt-id.com',NULL,'3101802102',1,0,1,'2023-08-06 10:32:00',NULL),(99,'M.SYAHRUL MAULANA',28,'MSM','da6747066a92bb7b00298643f1ef15e8','quality.control@ijtt-id.com',NULL,'3100205103',1,0,1,'2023-08-06 10:32:00',NULL),(100,'BENTAR MUHIDIN',26,'BTR','d41d8cd98f00b204e9800998ecf8427e','bentar_muhidin@ijtt-id.com',NULL,'3101210316',1,0,1,'2023-08-06 10:32:00',NULL),(101,'DEDE ALI SODIKIN',28,'DAS','3ac21c3ab1cd2502f1b93ff0c251a03f','ali_dede@ijtt-id.com','','3101205105',1,0,1,'2025-06-24 07:41:34',NULL),(102,'HASAN BISRI',28,'HBI','d41d8cd98f00b204e9800998ecf8427e','khasan_bisri@ijtt-id.com','','3101939007',1,0,1,'2023-08-06 10:32:00',NULL),(103,'MURDIONO',26,'MRD','827ccb0eea8a706c4c34a16891f84e7b','murdiono@ijtt-id.com',NULL,'3101209101',1,0,1,'2023-08-06 10:32:00',NULL),(104,'MUHAMAD ALI',28,'MAL','da6747066a92bb7b00298643f1ef15e8','muhamad.ali@ijtt-id.com',NULL,'3109001126',1,0,1,'2023-08-06 10:32:00',NULL),(105,'SYAIFUL BAHRI',28,'SBH','d41d8cd98f00b204e9800998ecf8427e','syaiful.bahri@ijtt-id.com','','3109001121',0,0,0,'2024-12-24 14:00:17',NULL),(106,'UMARWOTO',26,'UWO','827ccb0eea8a706c4c34a16891f84e7b','rosianto@ijtt-id.com',NULL,'3102209105',1,0,1,'2023-08-06 10:32:00',NULL),(107,'SAMITO',26,'SAO','827ccb0eea8a706c4c34a16891f84e7b','samito@ijtt-id.com',NULL,'3102209106',1,0,1,'2023-08-06 10:32:00',NULL),(108,'DIAN RUSDIAN',29,'DIR','827ccb0eea8a706c4c34a16891f84e7b','dian.rusdian@ijtt-id.com',NULL,'3101308110',1,0,1,'2023-08-06 10:32:00',NULL),(109,'MUHAMAD AWALUDDIN',29,'MAN','f27a8571ff32f2a17a6bd37a7ae50dcc','awaluddin@ijtt-id.com',NULL,'3101006103',1,0,1,'2023-08-06 10:32:00',NULL),(110,'DENY ARDIANSYAH',29,'DAR-NONE','d41d8cd98f00b204e9800998ecf8427e','deni.ardiansyah@ijtt-id.com',NULL,'3102809104',0,0,1,'2023-08-06 10:32:00',NULL),(111,'ADE FIRMAN HAMID',1,'AFH','43cb16d7038f18c1575c532184b60d68','ade.firman@ijtt-id.com','6285719272907','3100208923',1,1,1,'2025-07-14 08:06:27',NULL),(112,'MA\'MUN ARIFIN',28,'MAR','3ac21c3ab1cd2502f1b93ff0c251a03f','mamun.arifin@ijtt-id.com','','3102301109',1,0,1,'2025-08-01 16:35:13',NULL),(114,'AAN SYAIFULLOH',20,'ASY','d41d8cd98f00b204e9800998ecf8427e','syaifulloh_aan@ijtt-id.com','','3100302901',0,0,0,'2023-08-06 10:32:00',NULL),(115,'YANAGISAWA TADAYUKI',40,'YNG','d41d8cd98f00b204e9800998ecf8427e','tadayuki_yanagisawa@ijtt-id.com','','3100305101',0,0,0,'2023-08-06 10:32:00',NULL),(116,'AKHMAD UBBAB',27,'AUB','d41d8cd98f00b204e9800998ecf8427e','akhmad.ubbab@ijtt-id.com','','3109411149',0,0,0,'2023-08-06 10:32:00',NULL),(117,'GANDA SAPUTRA',1,'GSA','7b868ef45a01a3a73b3d5a4474ffde33','ganda.saputra@ijtt-id.com',NULL,'3101906101',1,1,1,'2023-08-06 10:32:00',NULL),(118,'SIGIT SISWANTO',23,'SGT','827ccb0eea8a706c4c34a16891f84e7b','sigit.siswanto@ijtt-id.com','','3102301104',1,0,1,'2025-03-24 08:14:46',NULL),(119,'SUTOMO',48,'STM1','d41d8cd98f00b204e9800998ecf8427e','sutomo@ijtt-id.com',NULL,'3102711101',1,0,1,'2023-08-06 10:32:00',NULL),(120,'FITRIANI SOLIHAT',13,'FIT','827ccb0eea8a706c4c34a16891f84e7b','fitri@ijtt-id.com','','3101112101',1,0,1,'2025-06-19 08:37:00',NULL),(121,'IMA SOLECHATI',2,'ISO','827ccb0eea8a706c4c34a16891f84e7b','cost.accounting2@ijtt-id.com','','3101605101',1,0,1,'2025-07-31 14:02:10',NULL),(122,'LENI DEWI ANGGRAENI',5,'LDA','c0db8c04a0b0940f596c41caedd24267','export.import@ijtt-id.com',NULL,'3101407101',1,0,1,'2023-08-06 10:32:00',NULL),(123,'DODI JUNAEDI',10,'DJU','827ccb0eea8a706c4c34a16891f84e7b','dodi.junaedi@ijtt-id.com','','3101210299',1,0,1,'2025-05-26 07:50:48',NULL),(124,'PANDHEGA MAHADI',55,'PDG','d41d8cd98f00b204e9800998ecf8427e','pandhega.mahadi@ijtt-id.com',NULL,'3101301101',1,0,1,'2023-08-06 10:32:00',NULL),(125,'WAHAB',3,'WAB','827ccb0eea8a706c4c34a16891f84e7b','wahab@ijtt-id.com',NULL,'3101005113',1,0,1,'2023-08-06 10:32:00',NULL),(126,'SUNARYA',4,'SNY','827ccb0eea8a706c4c34a16891f84e7b','sunarya@ijtt-id.com',NULL,'3101210179',1,0,1,'2023-08-06 10:32:00',NULL),(127,'HASITA JUNIANA',30,'HJU','3ac21c3ab1cd2502f1b93ff0c251a03f','hasita.juniana@ijtt-id.com','','3101405102',1,0,1,'2025-08-01 10:51:41',NULL),(128,'SUHENDRA',13,'SUH','01cfcd4f6b8770febfb40cb906715822','suhendra@ijtt-id.com',NULL,'3101502101',1,0,1,'2023-08-06 10:32:00',NULL),(129,'DELIA FITRIA ZAHRA',3,'DFZ','a7588376ca5486a782bcc810ae3dbb21','dewi.jamilah@ijtt-id.com',NULL,'3100011908',1,0,1,'2023-08-06 10:32:00',NULL),(130,'EDI WARYADI',20,'EDW','827ccb0eea8a706c4c34a16891f84e7b','edi.waryadi@ijtt-id.com','','3101503102',1,0,1,'2025-03-18 10:56:29',NULL),(131,'NURHASANAH',7,'HSN','827ccb0eea8a706c4c34a16891f84e7b','nurhasanah@ijtt-id.com',NULL,'3102111101',1,0,1,'2023-08-06 10:32:00',NULL),(136,'ADITYA MUFLIH SANDJAYA',20,'AMS','d41d8cd98f00b204e9800998ecf8427e','sandjaya_aditya@ijtt-id.com','','3100305905',0,0,0,'2024-12-24 14:02:22',NULL),(137,'MUHAMMAD KHOIRUL HUDA',3,'MKH','827ccb0eea8a706c4c34a16891f84e7b','khoirul.huda@ijtt-id.com','','3100211901',1,0,1,'2024-04-22 11:08:37',NULL),(138,'ROMELAN',12,'ROM','93f4260f05b3962b7e5f495fc3d9f6c5','romelan@ijtt-id.com',NULL,'3102301106',1,0,1,'2024-04-22 11:08:27',NULL),(141,'AANG KUNAEFI',16,'AAK','e10adc3949ba59abbe56e057f20f883e','',NULL,'3102307110',1,0,0,'2023-08-23 10:13:00',NULL),(142,'HARI PERMANA',16,'HRP','827ccb0eea8a706c4c34a16891f84e7b','',NULL,'3102401103',1,0,0,'2023-08-23 10:13:00',NULL),(143,'TOTOK SUGIARTO',16,'TSU','827ccb0eea8a706c4c34a16891f84e7b','sugiarto_totok@ijtt-id.com',NULL,'3109407136',1,0,1,'2023-08-23 10:13:00',NULL),(144,'PRIYATMOKO',16,'PMK','827ccb0eea8a706c4c34a16891f84e7b','',NULL,'3109503156',1,0,0,'2023-08-23 10:13:00',NULL),(145,'DODIK M. IRWAN',21,'DMI','827ccb0eea8a706c4c34a16891f84e7b','',NULL,'3102401102',1,0,0,'2023-08-23 10:13:00',NULL),(146,'ROHADI',21,'ROH','827ccb0eea8a706c4c34a16891f84e7b','',NULL,'3102402103',1,0,0,'2023-08-23 10:13:00',NULL),(147,'JOKO AZRADIN PURNIAWAN',21,'JAP','827ccb0eea8a706c4c34a16891f84e7b','',NULL,'3102809101',1,0,0,'2023-08-23 10:13:00',NULL),(148,'NEMAN SULAEMAN',21,'NMN','827ccb0eea8a706c4c34a16891f84e7b','',NULL,'3102211111',1,0,0,'2023-08-23 10:13:00',NULL),(149,'MUHAMMAD KASIR',21,'MKS','827ccb0eea8a706c4c34a16891f84e7b','',NULL,'3102212103',1,0,0,'2023-08-23 10:13:00',NULL),(150,'AFAN AJI',17,'AFN','e10adc3949ba59abbe56e057f20f883e','',NULL,'3101210195',1,0,0,'2023-08-23 10:13:00',NULL),(151,'SATIMIN',17,'STM','827ccb0eea8a706c4c34a16891f84e7b','',NULL,'3102211109',1,0,0,'2023-08-23 10:13:00',NULL),(152,'MULYANA',17,'MYN','827ccb0eea8a706c4c34a16891f84e7b','',NULL,'3102401104',1,0,0,'2023-08-23 10:13:00',NULL),(153,'AHMAT ALFAN RIZKON',17,'ALF','827ccb0eea8a706c4c34a16891f84e7b','',NULL,'3102702102',1,0,0,'2023-08-23 10:13:00',NULL),(154,'MULYA',17,'MLY','827ccb0eea8a706c4c34a16891f84e7b','',NULL,'3102211104',1,0,0,'2023-08-23 10:13:00',NULL),(155,'PRASTYO HUTOMO',17,'PRS','827ccb0eea8a706c4c34a16891f84e7b','hutomo_prastyo@ijtt-id.com','','3102401105',1,0,1,'2025-01-13 11:39:09',NULL),(156,'BUDI SARYANTO',22,'BDS','3ac21c3ab1cd2502f1b93ff0c251a03f','',NULL,'3101210149',1,0,0,'2025-08-22 15:15:28',NULL),(157,'CARLIM',22,'CRL','3ac21c3ab1cd2502f1b93ff0c251a03f','',NULL,'3102211101',1,0,0,'2025-08-22 15:16:17',NULL),(158,'JOKO SETIAWAN',22,'JKS','3ac21c3ab1cd2502f1b93ff0c251a03f','',NULL,'3102211103',1,0,0,'2025-08-22 15:14:32',NULL),(159,'MUHAMAD HILAL',22,'MHL','3ac21c3ab1cd2502f1b93ff0c251a03f','',NULL,'3102506101',1,0,0,'2025-08-22 15:13:46',NULL),(160,'EKO ANDI YANTO',22,'EAY','3ac21c3ab1cd2502f1b93ff0c251a03f','',NULL,'3102209103',1,0,0,'2025-08-22 15:12:54',NULL),(161,'Asep Dana Gunawan ',22,'ADG','827ccb0eea8a706c4c34a16891f84e7b','',NULL,'3101005102',1,0,0,'2023-08-23 10:13:00',NULL),(162,'TEGUH SANTOSA',14,'TGH','827ccb0eea8a706c4c34a16891f84e7b','',NULL,'3101205107',1,0,0,'2023-08-23 10:13:00','3101205107_TGH.png'),(163,'SUGENG RIYADI',14,'SGR','827ccb0eea8a706c4c34a16891f84e7b','',NULL,'3101210130',1,0,0,'2023-08-23 10:13:00','3101210130_SGR.png'),(164,'KETUT ASRAMA',14,'KTA','827ccb0eea8a706c4c34a16891f84e7b','',NULL,'3102403101',1,0,0,'2023-08-23 10:13:00','3102403101_KTA.png'),(165,'FITRACH ABDUL MULUK',14,'FAM','827ccb0eea8a706c4c34a16891f84e7b','',NULL,'3102806101',1,0,0,'2023-08-23 10:13:00','3102806101_FAM.png'),(167,'YUAN FREDERIC SUKMAWARDANA',14,'YFS','827ccb0eea8a706c4c34a16891f84e7b','',NULL,'3102409102',1,0,0,'2023-08-23 10:13:00','3102409102_YFS.png'),(168,'BER ALIP',11,'BER','827ccb0eea8a706c4c34a16891f84e7b','',NULL,'3101210231',1,0,0,'2023-08-23 10:13:00',NULL),(169,'SAPTO EDI SULISTYO',12,'SAP','827ccb0eea8a706c4c34a16891f84e7b','',NULL,'3109906102',1,0,0,'2023-08-23 10:13:00',NULL),(170,'BESAR NANANG SETIYONO',18,'BNA','827ccb0eea8a706c4c34a16891f84e7b','',NULL,'3101210257',1,0,0,'2023-08-23 10:13:00',NULL),(171,'HENDRA CHRISTIANTO',18,'HDR','827ccb0eea8a706c4c34a16891f84e7b','',NULL,'3102806104',1,0,0,'2023-08-23 10:13:00',NULL),(172,'MUKHLASIN',18,'MUK','827ccb0eea8a706c4c34a16891f84e7b','',NULL,'3101503103',1,0,0,'2023-08-23 10:13:00',NULL),(173,'ARIEF HARDIYANTO',18,'AHA','d41d8cd98f00b204e9800998ecf8427e','hardiyanto_arief@ijtt-id.com','','3102401108',1,0,1,'2025-07-07 15:54:45',NULL),(174,'SUGENG WIDODO- A',23,'SWI','827ccb0eea8a706c4c34a16891f84e7b','',NULL,'3102209116',1,0,0,'2023-08-23 10:13:00',NULL),(175,'AHMAD DASUKI',23,'ADA','827ccb0eea8a706c4c34a16891f84e7b','',NULL,'3102506103',1,0,0,'2023-08-23 10:13:00',NULL),(176,'SUSANTO',23,'SST','827ccb0eea8a706c4c34a16891f84e7b','',NULL,'3101205101',1,0,0,'2023-08-23 10:13:00',NULL),(177,'HARTONO',23,'HRST','827ccb0eea8a706c4c34a16891f84e7b','',NULL,'3102702103',1,0,0,'2023-08-23 10:13:00',NULL),(178,'NURKAMAL',19,'NKM','827ccb0eea8a706c4c34a16891f84e7b','',NULL,'3102301111',1,0,0,'2023-08-23 10:13:00',NULL),(179,'ANDRI MAULANA',19,'ADR','827ccb0eea8a706c4c34a16891f84e7b','',NULL,'3102401114',1,0,0,'2023-08-23 10:13:00',NULL),(180,'DEDI SODIKIN',19,'DSO','827ccb0eea8a706c4c34a16891f84e7b','sodikin_dedi@ijtt-id.com','','3102209109',1,0,1,'2025-02-05 08:58:49',NULL),(181,'SUGENG BUDIARTO',24,'SBU','827ccb0eea8a706c4c34a16891f84e7b','',NULL,'3101005104',1,0,0,'2023-08-23 10:13:00',NULL),(182,'HENDI',24,'HND','827ccb0eea8a706c4c34a16891f84e7b','',NULL,'3102311101',1,0,0,'2023-08-23 10:13:00',NULL),(183,'BANGGA',24,'BGG','827ccb0eea8a706c4c34a16891f84e7b','',NULL,'3102401109',1,0,0,'2023-08-23 10:13:00',NULL),(184,'MUHAMAD ARIF BUDIANTO',24,'MAB','827ccb0eea8a706c4c34a16891f84e7b','',NULL,'3102509101',1,0,0,'2023-08-23 10:13:00',NULL),(185,'Andik dwi yulianto',24,'AND','827ccb0eea8a706c4c34a16891f84e7b','',NULL,'3101210263',1,0,0,'2023-08-23 10:13:00',NULL),(186,'TEJO SURATNO',24,'TJS','827ccb0eea8a706c4c34a16891f84e7b','',NULL,'3109305116',1,0,0,'2023-08-23 10:13:00',NULL),(187,'EMAN SULAEMAN',4,'EMS','827ccb0eea8a706c4c34a16891f84e7b','',NULL,'3101005105',1,0,0,'2023-08-23 10:13:00',NULL),(189,'EDI SUPRAYITNO',4,'EDS','827ccb0eea8a706c4c34a16891f84e7b','',NULL,'3101205104',1,0,0,'2023-08-23 10:13:00',NULL),(190,'DARYONO',4,'DYO','827ccb0eea8a706c4c34a16891f84e7b','',NULL,'3102307101',1,0,0,'2023-08-23 10:13:00',NULL),(191,'KASWANTO',4,'KWO','827ccb0eea8a706c4c34a16891f84e7b','',NULL,'3102311102',1,0,0,'2023-08-23 10:13:00',NULL),(192,'BAMBANG SALOKO',28,'BBS','827ccb0eea8a706c4c34a16891f84e7b','',NULL,'3101210300',1,0,0,'2023-08-23 10:13:00',NULL),(193,'JUHENDI',28,'JHD','827ccb0eea8a706c4c34a16891f84e7b','',NULL,'3102301108',1,0,0,'2023-08-23 10:13:00',NULL),(194,'RAHMAT HIDAYAT- A',28,'RHI','3ac21c3ab1cd2502f1b93ff0c251a03f','3102809105@ijtt-id.com',NULL,'3102809105',1,0,0,'2025-08-01 16:44:33',NULL),(196,'AMAT BARJAKI',28,'ABA','3ac21c3ab1cd2502f1b93ff0c251a03f','barjaki.amat@ijtt-id.com','','3102307105',1,0,1,'2025-08-01 16:35:27',NULL),(197,'MUHAMMAD ZAIN',3,'MFA','d41d8cd98f00b204e9800998ecf8427e','zain_muhammad@ijtt-id.com','','3100307901',0,0,0,'2024-04-22 11:08:38',NULL),(198,'PKL IT',1,'PKL','e53921284bca01b99442e6c60cbfbe0d','pkl@aicc.co.id',NULL,'3100000',1,1,0,NULL,NULL),(199,'SANEN ARIFIN',5,'SAR','827ccb0eea8a706c4c34a16891f84e7b','export.import4@ijtt-id.com','','3100110902',1,0,1,'2025-05-15 16:04:09',NULL),(200,'DEDE ARDIANSYAH',29,'DAR','43e4354c2f668a5da293343be77c0a1e','ardiansyah_dede@ijtt-id.com','','3100309901',1,0,1,'2025-03-07 13:52:18',NULL),(201,'IT SUPPORT',1,'ITS','7fa84afebab1e1aeb7e97c4c4350c7b8','IT0001@ijtt-id.com',NULL,'IT0001',1,1,0,NULL,NULL),(202,'CE_01',23,'CE01','827ccb0eea8a706c4c34a16891f84e7b','',NULL,'CE_01',1,0,0,NULL,NULL),(203,'SPECTRO_01',23,'SP01','827ccb0eea8a706c4c34a16891f84e7b','',NULL,'SPECTRO_01',1,0,0,NULL,NULL),(204,'ALFITO INDRA P',20,'AIP','3ac21c3ab1cd2502f1b93ff0c251a03f','indra_alfito@ijtt-id.com','','3100312901',1,0,1,'2025-06-03 08:55:10',NULL),(205,'NAZAR AFRIZAL',9,'NAF','d41d8cd98f00b204e9800998ecf8427e','afrizal_nazar@ijtt-id.com','','3100310903',0,0,1,'2025-07-08 09:11:04',NULL),(206,'MELTING',23,'MELTING','827ccb0eea8a706c4c34a16891f84e7b','','','MELTING',1,0,0,'2024-04-22 11:08:38',NULL),(207,'IYAN PERMANA',24,'IPE','827ccb0eea8a706c4c34a16891f84e7b','permana_iyan@ijtt-id.com','','3102211105',1,0,1,'2023-08-23 10:13:00',NULL),(208,'AOSAX',1,'AOS','827ccb0eea8a706c4c34a16891f84e7b','aosax@ijtt-id.com',NULL,'aosax',1,0,1,'2024-04-22 11:08:48',NULL),(209,'JSH FINISHING',22,'JSF','827ccb0eea8a706c4c34a16891f84e7b','jsh_finishing@ijtt-id.com',NULL,'3102300002',1,0,1,'2024-04-22 11:08:45',NULL),(210,'NANA MULYANA',19,'NAM','827ccb0eea8a706c4c34a16891f84e7b','mulyana_nana@ijtt-id.com','','3100301103',1,0,1,'2025-02-04 08:13:24',NULL),(211,'TAKAO IIZUMI',40,'TAK','d41d8cd98f00b204e9800998ecf8427e','takao_iizumi@ijtt-id.com','','3100405101',1,0,1,'2025-01-14 07:48:09',NULL),(212,'AGUS MULYADI',46,'AGM','827ccb0eea8a706c4c34a16891f84e7b','',NULL,'9121003',1,0,0,NULL,NULL),(213,'HELYA CHAFSHOH NAFISAH',3,'HCH','827ccb0eea8a706c4c34a16891f84e7b','nafisah_helya@ijtt-id.com','','3100410912',1,0,1,'2024-10-22 13:37:05',NULL),(214,'ERFINA ARFIANTI GUNAWAN',25,'EAR','827ccb0eea8a706c4c34a16891f84e7b','gunawan_erfina@ijtt-id.com','','3100410913',1,0,1,'2024-10-22 13:37:50',NULL),(215,'DWI HARIYATMOKO',30,'DHA','827ccb0eea8a706c4c34a16891f84e7b','hariyatmoko_dwi@ijtt-id.com','','3100410901',1,0,1,'2024-11-07 15:20:00',NULL),(216,'UJANG RAHMAT',30,'UJR','d41d8cd98f00b204e9800998ecf8427e','rahmat_ujang@ijtt-id.com','','3101210210',0,0,1,'2025-07-08 09:10:53',NULL),(217,'BANINDRA ALVIN FARIAL',27,'BAF','827ccb0eea8a706c4c34a16891f84e7b','alvin_banindra@ijtt-id.com','','3100405901',1,0,1,'2025-01-14 13:47:30',NULL),(218,'HISATA HIROYUKI',29,'HHI','827ccb0eea8a706c4c34a16891f84e7b','hiroyuki_hisata@ijtt-id.com','','3100502101',1,0,1,'2025-02-13 07:44:25',NULL),(219,'HERYADI',14,'HYD','827ccb0eea8a706c4c34a16891f84e7b','Heryadi@ijtt-id.com','','3101309107',1,0,1,'2025-03-19 10:37:05',NULL),(220,'UENO SHOJI',25,'USH','d41d8cd98f00b204e9800998ecf8427e','shoji_ueno@ijtt-id.com','','3100504101',1,0,1,'2025-04-11 11:23:40',NULL),(221,'ENDO ATSUSHI',38,'EAT','827ccb0eea8a706c4c34a16891f84e7b','atsushi_endo@ijtt-id.com','','3100505102',1,0,1,'2025-04-11 11:23:32',NULL),(222,'FINZA NABILA KHAERUNNISA',39,'FNA','827ccb0eea8a706c4c34a16891f84e7b','nabila_finza@ijtt-id.com','','3100504906',1,0,1,'2025-07-10 14:02:09',NULL),(223,'ADE AYU PUTRI ANAS',9,'AAP','827ccb0eea8a706c4c34a16891f84e7b','ayu_ade@ijtt-id.com','','3100505901',1,0,1,'2025-05-26 09:30:23',NULL),(224,'YESICA CITRA DEWANTI',25,'YCI','827ccb0eea8a706c4c34a16891f84e7b','citra_yesica@ijtt-id.com','','3100507901',1,0,1,'2025-07-07 15:06:10',NULL),(237,'MUHAMMAD RUHIYAT',1,'MRU','827ccb0eea8a706c4c34a16891f84e7b','ruhiyat_muhammad@ijtt-id.com','','3100507910',1,1,1,'2025-07-15 08:45:16',NULL),(238,'ADHIAKSA PRAKOSO',3,'APR','827ccb0eea8a706c4c34a16891f84e7b','prakoso_adhiaksa@ijtt-id.com','','3100507909',1,0,1,'2025-07-15 07:53:03',NULL),(239,'ASEP BUCHORI',28,'ABU1','3ac21c3ab1cd2502f1b93ff0c251a03f','2210102@ijtt-id.com',NULL,'3102210102',1,0,0,'2025-07-28 11:29:31',NULL),(240,'SURYADI',28,'SYD','3ac21c3ab1cd2502f1b93ff0c251a03f','3101210318@ijtt-id.com',NULL,'3101210318',1,0,0,'2025-08-01 08:14:10',NULL),(241,'BAMBANG HERYAWAN',28,'BHE','3ac21c3ab1cd2502f1b93ff0c251a03f','3101210293@ijtt-id.com',NULL,'3101210293',1,0,0,'2025-08-01 10:15:43',NULL),(242,'KARNO WIDODO',28,'KWI','3ac21c3ab1cd2502f1b93ff0c251a03f','3101210317@ijtt-id.com',NULL,'3101210317',1,0,0,'2025-08-01 10:16:57',NULL),(243,'AJIS JAELANI',28,'AJA','3ac21c3ab1cd2502f1b93ff0c251a03f','3101210301@ijtt-id.com',NULL,'3101210301',1,0,0,'2025-08-01 10:16:57',NULL),(244,'ANAS FAUZI FAJAR',28,'AFF','3ac21c3ab1cd2502f1b93ff0c251a03f','3101309103@ijtt-id.com',NULL,'3101309103',1,0,0,'2025-08-01 10:16:57',NULL),(245,'SUDARYONO',28,'SDY','3ac21c3ab1cd2502f1b93ff0c251a03f','3101005109@ijtt-id.com',NULL,'3101005109',1,0,0,'2025-08-01 10:16:57',NULL),(246,'REZA RENALDY',28,'RRE','3ac21c3ab1cd2502f1b93ff0c251a03f','3101308108@ijtt-id.com',NULL,'3101308108',1,0,0,'2025-08-01 10:16:57',NULL),(247,'KURNIAWAN SANDI',28,'KUS','3ac21c3ab1cd2502f1b93ff0c251a03f','3100106919@ijtt-id.com',NULL,'3100106919',1,0,0,'2025-08-01 10:16:57',NULL),(248,'GIN GIN ARI SAGITA',28,'GAS','3ac21c3ab1cd2502f1b93ff0c251a03f','3101210312@ijtt-id.com',NULL,'3101210312',1,0,0,'2025-08-01 10:16:57',NULL),(249,'SIGID PRAKOSO',27,'SPO','3ac21c3ab1cd2502f1b93ff0c251a03f','3100208921@ijtt-id.com',NULL,'3100208921',1,0,0,'2025-08-01 10:44:31',NULL),(250,'AJAT SUDRAJAT',27,'AJS','3ac21c3ab1cd2502f1b93ff0c251a03f','3101210315@ijtt-id.com',NULL,'3101210315',1,0,0,'2025-08-01 10:44:31',NULL),(251,'M AIDIL F',27,'MAF','3ac21c3ab1cd2502f1b93ff0c251a03f','3101210148@ijtt-id.com',NULL,'3101210148',1,0,0,'2025-08-01 10:44:31',NULL),(252,'TABAH TRI SAPUTRA',27,'TTS','3ac21c3ab1cd2502f1b93ff0c251a03f','3100210917@ijtt-id.com',NULL,'3100210917',1,0,0,'2025-08-01 10:44:31',NULL),(253,'RINGGO HIDAYAT',27,'RHD','3ac21c3ab1cd2502f1b93ff0c251a03f','3101908915@ijtt-id.com',NULL,'3101908915',1,0,0,'2025-08-01 10:44:31',NULL),(254,'JUHENDI',27,'JHD','3ac21c3ab1cd2502f1b93ff0c251a03f','3102301108@ijtt-id.com',NULL,'3102301108',1,0,0,'2025-08-01 10:44:31',NULL),(255,'M FAIZ NURUDIN',27,'MFN','3ac21c3ab1cd2502f1b93ff0c251a03f','3100112906@ijtt-id.com',NULL,'3100112906',1,0,0,'2025-08-01 10:44:31',NULL),(256,'ABDURROHMAN',27,'ARO','3ac21c3ab1cd2502f1b93ff0c251a03f','3101210313@ijtt-id.com',NULL,'3101210313',1,0,0,'2025-08-01 10:44:31',NULL),(257,'MUJI KURNIAWAN',27,'MJK','3ac21c3ab1cd2502f1b93ff0c251a03f','3101210308@ijtt-id.com',NULL,'3101210308',1,0,0,'2025-08-01 10:44:31',NULL),(260,'KITAHARA HIDEKI',36,'KHI','827ccb0eea8a706c4c34a16891f84e7b','hideki_kitahara@ijtt-id.com','','3100508101',1,0,1,'2025-08-15 14:19:35',NULL),(261,'CATA',22,'CTA','3ac21c3ab1cd2502f1b93ff0c251a03f','3101210182@ijtt-id.com',NULL,'3101210182',1,0,0,'2025-08-22 15:54:17',NULL),(262,'WAHYU',22,'WHY','3ac21c3ab1cd2502f1b93ff0c251a03f','3102211110@ijtt-id.com',NULL,'3102211110',1,0,0,'2025-08-22 15:33:03',NULL),(263,'HENDRA KOSWARA',22,'HDK','3ac21c3ab1cd2502f1b93ff0c251a03f','3102210101@ijtt-id.com',NULL,'3102210101',1,0,0,'2025-08-22 15:34:14',NULL),(264,'PARNO KUDUNG',22,'PDG1','3ac21c3ab1cd2502f1b93ff0c251a03f','3101210145@ijtt-id.com',NULL,'3101210145',1,0,0,'2025-08-22 15:37:15',NULL),(265,'AHMAD KHASANUDIN',22,'AKH','3ac21c3ab1cd2502f1b93ff0c251a03f','3101210180@ijtt-id.com',NULL,'3101210180',1,0,0,'2025-08-22 15:42:12',NULL),(266,'MUHAMMAD ROUF',22,'MRO','3ac21c3ab1cd2502f1b93ff0c251a03f','3101210158@ijtt-id.com',NULL,'3101210158',1,0,0,'2025-08-22 16:05:23',NULL),(267,'TAUFIK ABDULAH',22,'TFK','3ac21c3ab1cd2502f1b93ff0c251a03f','3101210172@ijtt-id.com',NULL,'3101210172',1,0,0,'2025-08-22 15:49:58',NULL),(268,'ASEP SAEPUDIN - A',22,'ASF','3ac21c3ab1cd2502f1b93ff0c251a03f','3101210200@ijtt-id.com',NULL,'3101210200',1,0,0,'2025-08-22 15:51:10',NULL),(269,'ADE AGUNG SAPUTRA',22,'AGA','3ac21c3ab1cd2502f1b93ff0c251a03f','3101210199@ijtt-id.com',NULL,'3101210199',1,0,0,'2025-08-22 15:52:50',NULL),(270,'DANANG MUSPIKO ADI',22,'DNG','3ac21c3ab1cd2502f1b93ff0c251a03f','3101210150@ijtt-id.com',NULL,'3101210150',1,0,0,'2025-08-22 15:53:43',NULL),(271,'ROBI RAWANDA',22,'RBI','3ac21c3ab1cd2502f1b93ff0c251a03f','3101210185@ijtt-id.com',NULL,'3101210185',1,0,0,'2025-08-22 15:55:39',NULL),(272,'MUQHLISSIN',22,'MKH1','3ac21c3ab1cd2502f1b93ff0c251a03f','3100009909@ijtt-id.com',NULL,'3100009909',1,0,0,'2025-08-22 15:57:12',NULL),(273,'SUGENG WIDODO. B',22,'SGW','3ac21c3ab1cd2502f1b93ff0c251a03f','3101210211@ijtt-id.com',NULL,'3101210211',1,0,0,'2025-08-22 15:58:30',NULL),(274,'CE_02',18,'CE02','827ccb0eea8a706c4c34a16891f84e7b','',NULL,'CE_02',1,0,0,NULL,NULL),(275,'SPECTRO_02',18,'SP02','827ccb0eea8a706c4c34a16891f84e7b','',NULL,'SPECTRO_02',1,0,0,NULL,NULL);
/*!40000 ALTER TABLE `tb_user` ENABLE KEYS */;
UNLOCK TABLES;

--
-- Table structure for table `tb_user_akses`
--

DROP TABLE IF EXISTS `tb_user_akses`;
/*!40101 SET @saved_cs_client     = @@character_set_client */;
/*!50503 SET character_set_client = utf8mb4 */;
CREATE TABLE `tb_user_akses` (
  `usr` varchar(50) DEFAULT NULL,
  `nama_program` varchar(50) DEFAULT NULL,
  `add` int(11) DEFAULT '0',
  `edit` int(11) DEFAULT '0',
  `delete` int(11) DEFAULT '0',
  `read` int(11) DEFAULT '0',
  `approve` int(11) DEFAULT '0' COMMENT 'Akses Approving Level 1',
  `approve_2` int(11) DEFAULT '0' COMMENT 'Akses Approving Level 2',
  `approve_3` int(11) DEFAULT '0' COMMENT 'Akses Approving Level 3',
  `approve_4` int(11) DEFAULT '0' COMMENT 'Akses Approving Level 3',
  `akses_section` text
) ENGINE=InnoDB DEFAULT CHARSET=latin1;
/*!40101 SET character_set_client = @saved_cs_client */;

--
-- Dumping data for table `tb_user_akses`
--

LOCK TABLES `tb_user_akses` WRITE;
/*!40000 ALTER TABLE `tb_user_akses` DISABLE KEYS */;
INSERT INTO `tb_user_akses` VALUES ('AFH','JSH_MELTING_POURING',1,1,1,1,0,0,0,0,NULL),('AFH','JSH_MELTING_POURING_DATA_PRODUCT',1,1,1,1,0,0,0,0,NULL),('MELTING','JSH_MELTING_POURING_REPORT_POURING',1,1,1,1,0,0,0,0,NULL),('SGT','JSH_MELTING_POURING',1,1,1,1,0,0,0,0,NULL),('SGT','JSH_MELTING_POURING_DATA_PRODUCT',1,1,1,1,0,0,0,0,NULL),('SGT','JSH_MELTING_POURING_REPORT_POURING',1,1,1,1,0,0,0,0,NULL),('AFH','JSH_DATA_LADDLE',1,1,1,1,1,0,0,0,NULL),('AFH','HRGA_PEMINJAMAN_BPKB',0,0,0,0,0,1,0,0,'IT'),('DJU','HRGA_PEMINJAMAN_BPKB',0,0,0,0,0,1,0,0,'HRGA'),('SGT','HRGA_PEMINJAMAN_BPKB',0,0,0,0,1,0,0,0,'MELTING JSH'),('IJA','HRGA_PEMINJAMAN_BPKB',0,0,0,0,0,0,0,0,'JSH - Melting'),('THI','HRGA_PEMINJAMAN_BPKB',0,0,0,0,1,0,0,0,'IT'),('SGT','IT_WO',0,0,0,0,1,0,0,0,'MELTING JSH'),('JFA','IT_WO',0,0,0,0,1,0,0,0,'PRODUCTION JSH,FINISHING JSH,MELTING JSH,MOLDING JSH,CORE JSH'),('THI','IT_WO',0,0,0,0,1,0,1,0,'IT'),('AHP','IT_PEMINJAMAN_LAPTOP',0,0,0,0,1,1,0,0,'PRODUCTION JSH,FINISHING JSH,MELTING JSH,MOLDING JSH,CORE JSH'),('MHR','IT_WO',0,0,0,0,1,0,0,0,'FACILITY'),('AFH','HRGA_PEMINJAMAN_KENDARAAN',0,0,0,0,1,1,1,0,NULL),('SGT','JSH_DATA_LADDLE',1,1,1,1,1,0,0,0,NULL),('AIR','HRGA_PEMINJAMAN_KENDARAAN',0,0,0,0,1,1,1,0,'SHE & GENERAL AFFAIR'),('TRA','HRGA_PEMINJAMAN_BPKB',0,0,0,0,1,0,0,0,'HRGA'),('HJU','HRGA_PEMINJAMAN_BPKB',0,0,0,0,0,1,0,0,'HRGA'),('YKA','HRGA_PEMINJAMAN_KENDARAAN',0,0,0,0,1,0,0,0,'MAINTENANCE JSH,MAINTENANCE ACE,FACILITY,MAINTENANCE OFFICE'),('ROM','IT_WO',0,0,0,0,1,0,0,0,'MAINTENANCE JSH'),('FMU','HRGA_PEMINJAMAN_BPKB',0,0,0,0,0,0,0,0,'SHE & GENERAL AFFAIR'),('MAL','IT_WO',0,0,0,0,1,0,0,0,'QUALITY CONTROL JSH,QUALITY CONTROL ACE'),('AUB','IT_WO',0,0,0,0,0,1,0,0,'QUALITY CONTROL,QUALITY ASSURANCE OFFICE,QUALITY ASSURANCE GENBA,QUALITY CONTROL JSH,QUALITY CONTROL ACE'),('JAR','IT_WO',1,1,1,1,1,0,0,0,'MAINTENANCE JSH,MAINTENANCE ACE,FACILITY,MAINTENANCE OFFICE'),('DSO','IT_WO',0,0,0,0,1,0,0,0,'MOLDING ACE'),('WAB','IT_WO',0,0,0,0,1,0,0,0,'PATTERN,ENGINEERING'),('MAR','IT_WO',0,0,0,0,1,0,0,0,'FINANCE'),('HTT','IT_WO',0,0,0,0,1,1,0,0,'ACCOUNTING'),('KKS','IT_WO',0,0,0,0,1,1,0,0,'FINANCE,TAX'),('MAN','IT_WO',0,0,0,0,1,1,0,0,'SALES'),('MBA','IT_WO',0,0,0,0,1,0,0,0,'PURCHASING & OUTSOURCE'),('WIB','IT_WO',0,0,0,0,1,0,0,0,'PPIC'),('SMI','IT_WO',0,0,0,0,1,0,0,0,'PRODUCTION ACE'),('KOS','IT_WO',0,0,0,0,1,0,0,0,'PRODUCTION ACE,MELTING ACE,CORE ACE,MOLDING ACE,FINISHING ACE'),('JSH','IT_WO',0,0,0,0,0,1,0,0,'PRODUCTION ACE,MELTING ACE,CORE ACE,MOLDING ACE,FINISHING ACE'),('ANF','IT_WO',0,0,0,0,1,0,0,0,'ICL JSH, ICL ACE'),('SWU','IT_WO',0,0,0,0,1,1,0,0,'HRGA GENERAL MANAGER,HRD,SHE,IR & GA'),('CWI','IT_WO',0,0,0,0,0,1,0,0,'ENGINEERING,PATTERN'),('ADP','IT_WO',0,0,0,0,0,1,0,0,'PPIC,ICL JSH, ICL ACE'),('DDU','IT_WO',0,0,0,0,0,1,0,0,'EXPORT IMPORT,PURCHASING & OUTSOURCE'),('ATJ','IT_WO',0,0,0,0,0,1,0,0,'SALES'),('AAK','HRGA_MAKAN_LEMBUR',0,0,0,0,0,0,0,0,'CORE ACE'),('HRP','HRGA_MAKAN_LEMBUR',0,0,0,0,0,0,0,0,'CORE ACE'),('TSU','HRGA_MAKAN_LEMBUR',0,0,0,0,0,0,0,0,'CORE ACE'),('PMK','HRGA_MAKAN_LEMBUR',0,0,0,0,0,0,0,0,'CORE ACE'),('DMI','HRGA_MAKAN_LEMBUR',0,0,0,0,0,0,0,0,'CORE JSH'),('ROH','HRGA_MAKAN_LEMBUR',0,0,0,0,0,0,0,0,'CORE JSH'),('JAP','HRGA_MAKAN_LEMBUR',0,0,0,0,0,0,0,0,'CORE JSH'),('NMN','HRGA_MAKAN_LEMBUR',0,0,0,0,0,0,0,0,'CORE JSH'),('MKS','HRGA_MAKAN_LEMBUR',0,0,0,0,0,0,0,0,'CORE JSH'),('AFN','HRGA_MAKAN_LEMBUR',0,0,0,0,0,0,0,0,'FINISHING ACE'),('STM','HRGA_MAKAN_LEMBUR',0,0,0,0,0,0,0,0,'FINISHING ACE'),('MYN','HRGA_MAKAN_LEMBUR',0,0,0,0,0,0,0,0,'FINISHING ACE'),('ALF','HRGA_MAKAN_LEMBUR',0,0,0,0,0,0,0,0,'FINISHING ACE'),('MLY','HRGA_MAKAN_LEMBUR',0,0,0,0,0,0,0,0,'FINISHING ACE'),('PRS','HRGA_MAKAN_LEMBUR',0,0,0,0,0,0,0,0,'FINISHING ACE'),('BDS','HRGA_MAKAN_LEMBUR',0,0,0,0,0,0,0,0,'FINISHING JSH'),('CRL','HRGA_MAKAN_LEMBUR',0,0,0,0,0,0,0,0,'FINISHING JSH'),('JKS','HRGA_MAKAN_LEMBUR',0,0,0,0,0,0,0,0,'FINISHING JSH'),('MHL','HRGA_MAKAN_LEMBUR',0,0,0,0,0,0,0,0,'FINISHING JSH'),('EAY','HRGA_MAKAN_LEMBUR',0,0,0,0,0,0,0,0,'FINISHING JSH'),('ADG','HRGA_MAKAN_LEMBUR',0,0,0,0,0,0,0,0,'FINISHING JSH'),('TGH','HRGA_MAKAN_LEMBUR',0,0,0,0,0,0,0,0,'ICL'),('SGR','HRGA_MAKAN_LEMBUR',0,0,0,0,0,0,0,0,'ICL'),('KTA','HRGA_MAKAN_LEMBUR',0,0,0,0,0,0,0,0,'ICL'),('FAM','HRGA_MAKAN_LEMBUR',0,0,0,0,0,0,0,0,'ICL'),('AJT','HRGA_MAKAN_LEMBUR',0,0,0,0,0,0,0,0,'ICL'),('YFS','HRGA_MAKAN_LEMBUR',0,0,0,0,0,0,0,0,'ICL'),('BER','HRGA_MAKAN_LEMBUR',0,0,0,0,0,0,0,0,'MAINTENANCE ACE'),('SAP','HRGA_MAKAN_LEMBUR',0,0,0,0,0,0,0,0,'MAINTENANCE JSH'),('BNA','HRGA_MAKAN_LEMBUR',0,0,0,0,0,0,0,0,'MELTING ACE'),('HDR','HRGA_MAKAN_LEMBUR',0,0,0,0,0,0,0,0,'MELTING ACE'),('MUK','HRGA_MAKAN_LEMBUR',0,0,0,0,0,0,0,0,'MELTING ACE'),('AHA','HRGA_MAKAN_LEMBUR',0,0,0,0,0,0,0,0,'MELTING ACE'),('SWI','HRGA_MAKAN_LEMBUR',0,0,0,0,0,0,0,0,'MELTING JSH'),('ADA','HRGA_MAKAN_LEMBUR',0,0,0,0,0,0,0,0,'MELTING JSH'),('SST','HRGA_MAKAN_LEMBUR',0,0,0,0,0,0,0,0,'MELTING JSH'),('HRST','HRGA_MAKAN_LEMBUR',0,0,0,0,0,0,0,0,'MELTING JSH'),('NKM','HRGA_MAKAN_LEMBUR',0,0,0,0,0,0,0,0,'MOLDING ACE'),('ADR','HRGA_MAKAN_LEMBUR',0,0,0,0,0,0,0,0,'MOLDING ACE'),('DSO','HRGA_MAKAN_LEMBUR',0,0,0,0,0,0,0,0,'MOLDING ACE'),('SBU','HRGA_MAKAN_LEMBUR',0,0,0,0,0,0,0,0,'MOLDING JSH'),('HND','HRGA_MAKAN_LEMBUR',0,0,0,0,0,0,0,0,'MOLDING JSH'),('BGG','HRGA_MAKAN_LEMBUR',0,0,0,0,0,0,0,0,'MOLDING JSH'),('MAB','HRGA_MAKAN_LEMBUR',0,0,0,0,0,0,0,0,'MOLDING JSH'),('AND','HRGA_MAKAN_LEMBUR',0,0,0,0,0,0,0,0,'MOLDING JSH'),('TJS','HRGA_MAKAN_LEMBUR',0,0,0,0,0,0,0,0,'MOLDING JSH'),('EMS','HRGA_MAKAN_LEMBUR',0,0,0,0,0,0,0,0,'PATTERN'),('STN','HRGA_MAKAN_LEMBUR',0,0,0,0,0,0,0,0,'PATTERN'),('EDS','HRGA_MAKAN_LEMBUR',0,0,0,0,0,0,0,0,'PATTERN'),('DYO','HRGA_MAKAN_LEMBUR',0,0,0,0,0,0,0,0,'PATTERN'),('KWO','HRGA_MAKAN_LEMBUR',0,0,0,0,0,0,0,0,'PATTERN'),('BBS','HRGA_MAKAN_LEMBUR',0,0,0,0,0,0,0,0,'QUALITY CONTROL'),('JHD','HRGA_MAKAN_LEMBUR',0,0,0,0,0,0,0,0,'QUALITY CONTROL'),('RHI','HRGA_MAKAN_LEMBUR',0,0,0,0,0,0,0,0,'QUALITY CONTROL'),('MAR','HRGA_MAKAN_LEMBUR',0,0,0,0,0,0,0,0,'QUALITY CONTROL'),('ABA','HRGA_MAKAN_LEMBUR',0,0,0,0,0,0,0,0,'QUALITY CONTROL'),('DJU','HRGA_MAKAN_LEMBUR',0,0,0,0,1,0,0,0,NULL),('TRA','HRGA_MAKAN_LEMBUR',0,0,0,0,1,0,0,0,NULL),('SWI','JSH_DATA_LADDLE',1,1,1,1,1,0,0,0,NULL),('ADA','JSH_DATA_LADDLE',1,1,1,1,1,0,0,0,NULL),('WWT','HRGA_PEMINJAMAN_KENDARAAN',0,0,0,0,0,0,0,0,'MELTING JSH'),('YON','HRGA_PEMINJAMAN_KENDARAAN',0,0,0,0,0,0,0,0,'MOLDING JSH'),('OBN','HRGA_PEMINJAMAN_KENDARAAN',0,0,0,0,0,0,0,0,'CORE JSH'),('ADA','HRGA_PEMINJAMAN_KENDARAAN',0,0,0,0,0,0,0,0,'FINISHING JSH'),('LSA','HRGA_PEMINJAMAN_KENDARAAN',0,0,0,0,0,0,0,0,'PRODUCTION JSH'),('DFZ','HRGA_PEMINJAMAN_KENDARAAN',0,0,0,0,0,0,0,0,'PATTERN'),('UWO','HRGA_PEMINJAMAN_KENDARAAN',0,0,0,0,0,0,0,0,'QUALITY ASSURANCE GENBA'),('SAO','HRGA_PEMINJAMAN_KENDARAAN',0,0,0,0,0,0,0,0,'QUALITY ASSURANCE GENBA'),('TAM','HRGA_PEMINJAMAN_KENDARAAN',0,0,0,0,0,0,0,0,'QUALITY CONTROL'),('MSM','HRGA_PEMINJAMAN_KENDARAAN',0,0,0,0,0,0,0,0,'QUALITY CONTROL'),('ABA','HRGA_PEMINJAMAN_KENDARAAN',0,0,0,0,0,0,0,0,'QUALITY CONTROL'),('FIT','HRGA_PEMINJAMAN_KENDARAAN',0,0,0,0,0,0,0,0,'MAINTENANCE OFFICE'),('BER','HRGA_PEMINJAMAN_KENDARAAN',0,0,0,0,0,0,0,0,'MAINTENANCE ACE'),('SAP','HRGA_PEMINJAMAN_KENDARAAN',0,0,0,0,0,0,0,0,'MAINTENANCE JSH'),('DAY','HRGA_PEMINJAMAN_KENDARAAN',0,0,0,0,0,0,0,0,'MAINTENANCE ACE'),('ROM','HRGA_PEMINJAMAN_KENDARAAN',0,0,0,0,0,0,0,0,'MAINTENANCE JSH'),('WYN','HRGA_PEMINJAMAN_KENDARAAN',0,0,0,0,0,0,0,0,'MAINTENANCE JSH'),('KHR','HRGA_PEMINJAMAN_KENDARAAN',0,0,0,0,0,0,0,0,'ICL'),('STN','HRGA_PEMINJAMAN_KENDARAAN',0,0,0,0,0,0,0,0,'MELTING ACE'),('MTN','HRGA_PEMINJAMAN_KENDARAAN',0,0,0,0,0,0,0,0,'CORE ACE'),('RKY','HRGA_PEMINJAMAN_KENDARAAN',0,0,0,0,0,0,0,0,'FINISHING ACE'),('SNY','HRGA_PEMINJAMAN_KENDARAAN',0,0,0,0,0,0,0,0,'PATTERN'),('JHM','HRGA_PEMINJAMAN_KENDARAAN',0,0,0,0,0,0,0,0,'FACILITY'),('DIR','HRGA_PEMINJAMAN_KENDARAAN',0,0,0,0,0,0,0,0,'SALES'),('IMA','HRGA_PEMINJAMAN_KENDARAAN',0,0,0,0,0,0,0,0,'FINANCE'),('GSA','HRGA_PEMINJAMAN_KENDARAAN',0,0,0,0,0,0,0,0,'IT'),('NAS','HRGA_PEMINJAMAN_KENDARAAN',0,0,0,0,0,0,0,0,'HRD'),('ARF','HRGA_PEMINJAMAN_KENDARAAN',0,0,0,0,0,0,0,0,'EXIM & PURCHASING'),('CAR','HRGA_PEMINJAMAN_KENDARAAN',0,0,0,0,0,0,0,0,'EXIM & PURCHASING'),('CSU','HRGA_PEMINJAMAN_KENDARAAN',0,0,0,0,0,0,0,0,'PPC'),('AHP','HRGA_PEMINJAMAN_KENDARAAN',0,0,0,0,1,0,0,0,'PRODUCTION JSH,FINISHING JSH,MELTING JSH,MOLDING JSH,CORE JSH'),('CWI','HRGA_PEMINJAMAN_KENDARAAN',0,0,0,0,1,0,0,0,'ENGINEERING,PATTERN'),('AUB','HRGA_PEMINJAMAN_KENDARAAN',0,0,0,0,1,0,0,0,'QUALITY CONTROL,QUALITY ASSURANCE OFFICE,QUALITY ASSURANCE GENBA'),('ADP','HRGA_PEMINJAMAN_KENDARAAN',0,0,0,0,1,0,0,0,'PPIC,ICL JSH, ICL ACE'),('ATJ','HRGA_PEMINJAMAN_KENDARAAN',0,0,0,0,1,0,0,0,'SALES,IT'),('SWU','HRGA_PEMINJAMAN_KENDARAAN',0,0,0,0,1,0,0,0,'HRGA GENERAL MANAGER,HRD,IR & GA'),('YND','HRGA_PEMINJAMAN_KENDARAAN',0,0,0,0,1,0,0,0,'PRODUCTION ACE,MELTING ACE,CORE ACE,MOLDING ACE,FINISHING ACE'),('DDU','HRGA_PEMINJAMAN_KENDARAAN',0,0,0,0,1,0,0,0,'EXPORT IMPORT,PURCHASING & OUTSOURCE'),('KKS','HRGA_PEMINJAMAN_KENDARAAN',0,0,0,0,1,0,0,0,'FINANCE'),('HTT','HRGA_PEMINJAMAN_KENDARAAN',0,0,0,0,1,0,0,0,'ACCOUNTING'),('IPE','HRGA_PEMINJAMAN_BPKB',0,0,0,0,1,0,0,0,'MOLDING JSH'),('FMU','HRGA_PEMINJAMAN_KENDARAAN',0,0,0,0,1,1,1,0,'SHE & GENERAL AFFAIR'),('FMU','HRGA_MAKAN_LEMBUR',0,0,0,0,1,0,0,0,'SHE & GENERAL AFFAIR'),('AFH','HRGA_MAKAN_LEMBUR',0,0,0,0,1,0,0,0,'IT'),('BST','IT_WO',0,0,0,0,1,0,0,0,'QUALITY ASSURANCE GENBA'),('MNU','JSH_MELTING_CE',0,0,0,0,0,0,0,0,'MELTING JSH'),('SP01','JSH_MELTING_SPECTRO',1,0,1,0,0,0,0,0,'MELTING JSH'),('CE01','JSH_MELTING_CE',1,0,0,0,0,0,0,0,'MELTING JSH'),('SP01','JSH_MELTING_INTEGRATED_SPECTRO_CE',0,0,0,0,0,0,0,0,'MELTING JSH'),('KKS','IT_PEMINJAMAN_LAPTOP',0,0,0,0,1,0,0,0,NULL),('MELTING','JSH_MELTING_INTEGRATED_SPECTRO_CE',0,0,0,0,0,0,0,0,'MELTING JSH'),('MNU','JSH_MELTING_POURING_REPORT_POURING',1,1,1,1,0,0,0,0,NULL),('MNU','JSH_MELTING_INTEGRATED_SPECTRO_CE',0,0,0,0,0,0,0,0,'MELTING JSH'),('SPECTRO_01','JSH_MELTING_SPECTRO',0,0,0,0,0,0,0,0,'MELTING JSH'),('CE','JSH_MELTING_CE',0,0,0,0,0,0,0,0,'MELTING JSH'),('MNU','JSH_MELTING_POURING',1,1,1,1,0,0,0,0,NULL),('AFH','JSH_MELTING_POURING_REPORT_POURING',1,1,1,1,0,0,0,0,NULL),('MELTING','JSH_MELTING_POURING',1,1,1,1,0,0,0,0,NULL),('YND','IT_PEMINJAMAN_LAPTOP',0,0,0,0,1,0,0,0,'PRODUCTION ACE,MELTING ACE,CORE ACE,MOLDING ACE,FINISHING ACE'),('NKW','IT_WO',0,0,0,0,1,0,0,0,'HRD,HRGA GENERAL MANAGER,IR & GA'),('YKA','IT_WO',0,0,0,0,1,1,0,0,'MAINTENANCE JSH,MAINTENANCE ACE,FACILITY,MAINTENANCE OFFICE'),('SAE','IT_WO',0,0,0,0,1,1,0,0,'QUALITY CONTROL,QUALITY ASSURANCE OFFICE,QUALITY ASSURANCE GENBA,QUALITY CONTROL JSH,QUALITY CONTROL ACE'),('SAE','HRGA_PEMINJAMAN_KENDARAAN',0,0,0,0,1,0,0,0,'QUALITY CONTROL,QUALITY ASSURANCE OFFICE,QUALITY ASSURANCE GENBA'),('ASO','IT_WO',0,0,0,0,1,0,0,0,'FINISHING JSH'),('AFH','IT_PEMINJAMAN_LAPTOP',0,0,0,0,0,0,0,0,'PRODUCTION ACE,MELTING ACE,CORE ACE,MOLDING ACE,FINISHING ACE'),('SWU','IT_PEMINJAMAN_LAPTOP',0,0,0,0,1,0,0,0,'HRGA GENERAL MANAGER,HRD,SHE,IR & GA'),('TSU','IT_WO',0,0,0,0,1,0,0,0,'PRODUCTION ACE,CORE ACE'),('DRI','IT_WO',0,0,0,0,1,0,0,0,'EXPORT IMPORT'),('SAE','IT_PEMINJAMAN_LAPTOP',0,0,0,0,1,0,0,0,'QUALITY CONTROL,QUALITY ASSURANCE OFFICE,QUALITY ASSURANCE GENBA'),('ADP','IT_PEMINJAMAN_LAPTOP',0,0,0,0,1,0,0,0,'PPIC,ICL JSH, ICL ACE'),('HJU','IT_WO',0,0,0,0,1,0,0,0,'SHE & GENERAL AFFAIR'),('UWO','JSH_MELTING_SPECTRO',0,0,0,0,0,0,0,0,'MELTING JSH'),('MBA','IT_PEMINJAMAN_LAPTOP',0,0,0,0,1,0,0,0,'PURCHASING & OUTSOURCE'),('AHP','IT_WO',0,0,0,0,0,1,0,0,'PRODUCTION JSH,FINISHING JSH,MELTING JSH,MOLDING JSH,CORE JSH'),('YND','IT_WO',0,0,0,0,0,1,0,0,'PRODUCTION ACE,FINISHING ACE,MELTING ACE,MOLDING ACE,CORE ACE'),('KSR','IT_WO',0,0,0,0,0,1,0,0,'CORE ACE,FINISHING ACE,MELTING ACE,MOLDING ACE,PRODUCTION ACE'),('PRS','IT_WO',0,0,0,0,1,0,0,0,'FINISHING ACE'),('ISU','IT_WO',1,1,1,1,1,0,0,0,'QUALITY CONTROL ACE,QUALITY CONTROL JSH'),('SP02','ACE_MELTING_SPECTRO',1,0,1,0,0,0,0,0,'MELTING ACE'),('SP02','ACE_MELTING_INTEGRATED_SPECTRO_CE',0,0,0,0,0,0,0,0,'MELTING ACE'),('CE02','ACE_MELTING_CE',1,0,0,0,0,0,0,0,'MELTING JSH');
/*!40000 ALTER TABLE `tb_user_akses` ENABLE KEYS */;
UNLOCK TABLES;

--
-- Table structure for table `tb_user_permissions`
--

DROP TABLE IF EXISTS `tb_user_permissions`;
/*!40101 SET @saved_cs_client     = @@character_set_client */;
/*!50503 SET character_set_client = utf8mb4 */;
CREATE TABLE `tb_user_permissions` (
  `id` int(11) NOT NULL AUTO_INCREMENT,
  `user_id` int(11) DEFAULT NULL,
  `menu_id` int(11) DEFAULT NULL,
  `can_access` tinyint(1) DEFAULT '0',
  `can_read` tinyint(1) DEFAULT '0',
  `can_edit` tinyint(1) DEFAULT '0',
  `can_delete` tinyint(1) DEFAULT '0',
  `can_add` tinyint(1) DEFAULT '0',
  `can_approve1` tinyint(1) DEFAULT '0',
  `can_approve2` tinyint(1) DEFAULT '0',
  `can_approve3` tinyint(1) DEFAULT '0',
  `can_approve4` tinyint(1) DEFAULT '0',
  PRIMARY KEY (`id`),
  KEY `FK_tb_user_permissions_tb_menus` (`menu_id`),
  KEY `FK_tb_user_permissions_tb_user` (`user_id`),
  CONSTRAINT `FK_tb_user_permissions_tb_menus` FOREIGN KEY (`menu_id`) REFERENCES `tb_menus` (`id`) ON DELETE CASCADE ON UPDATE CASCADE,
  CONSTRAINT `FK_tb_user_permissions_tb_user` FOREIGN KEY (`user_id`) REFERENCES `tb_user` (`id`) ON DELETE CASCADE ON UPDATE CASCADE
) ENGINE=InnoDB AUTO_INCREMENT=362 DEFAULT CHARSET=latin1;
/*!40101 SET character_set_client = @saved_cs_client */;

--
-- Dumping data for table `tb_user_permissions`
--

LOCK TABLES `tb_user_permissions` WRITE;
/*!40000 ALTER TABLE `tb_user_permissions` DISABLE KEYS */;
INSERT INTO `tb_user_permissions` VALUES (1,111,27,1,0,0,0,0,0,0,0,0),(2,111,28,1,0,0,0,0,0,0,0,0),(3,111,29,1,0,0,0,0,0,0,0,0),(4,111,30,1,0,0,0,0,0,0,0,0),(5,111,4,1,0,0,0,0,0,0,0,0),(6,111,16,1,1,1,1,1,0,0,0,0),(7,111,17,1,1,1,1,1,0,0,0,0),(8,111,18,1,1,1,1,1,0,0,0,0),(9,111,19,1,1,1,1,1,0,0,0,0),(10,111,10,1,0,0,0,0,0,0,0,0),(11,111,20,1,0,0,0,0,0,0,0,0),(12,111,11,1,0,0,0,0,0,0,0,0),(13,111,21,1,1,1,1,1,0,0,0,0),(14,111,31,1,1,1,1,1,1,0,0,0),(15,111,34,1,0,0,0,0,0,0,0,0),(16,111,37,1,1,1,0,1,0,0,0,0),(17,163,34,1,0,0,0,0,0,0,0,0),(18,163,37,1,1,0,0,1,0,0,0,0),(19,164,37,1,1,1,1,1,0,0,0,0),(20,164,34,1,0,0,0,0,0,0,0,0),(21,165,37,1,1,1,1,1,0,0,0,0),(22,165,34,1,0,0,0,0,0,0,0,0),(23,162,37,1,1,1,1,1,0,0,0,0),(24,162,34,1,0,0,0,0,0,0,0,0),(25,167,34,1,0,0,0,0,0,0,0,0),(26,167,37,1,1,1,1,1,0,0,0,0),(29,32,37,1,1,1,1,1,0,0,0,0),(30,32,34,1,0,0,0,0,0,0,0,0),(31,89,34,1,0,0,0,0,0,0,0,0),(32,89,37,1,1,0,0,0,0,0,0,0),(33,34,37,1,1,1,1,1,0,0,0,0),(34,34,34,1,0,0,0,0,0,0,0,0),(35,124,27,1,0,0,0,0,0,0,0,0),(36,124,28,1,0,1,0,1,0,0,0,0),(37,124,29,1,0,1,0,1,0,0,0,0),(38,124,30,1,0,1,0,1,0,0,0,0),(39,124,16,1,0,1,0,1,0,0,0,0),(40,124,17,1,0,1,0,1,0,0,0,0),(41,124,19,1,0,1,0,1,0,0,0,0),(42,124,18,1,0,1,0,1,0,0,0,0),(43,111,38,1,0,0,0,0,0,0,0,0),(44,124,20,1,0,0,0,0,0,0,0,0),(45,124,38,1,0,0,0,0,0,0,0,0),(46,127,27,1,0,0,0,0,0,0,0,0),(47,127,28,1,0,0,0,1,0,0,0,0),(48,127,29,1,0,0,0,1,0,0,0,0),(49,127,30,1,0,0,0,1,0,0,0,0),(50,127,16,1,0,0,0,1,0,0,0,0),(51,127,4,1,0,0,0,0,0,0,0,0),(52,127,17,1,0,0,0,1,0,0,0,0),(53,127,18,1,0,0,0,1,0,0,0,0),(54,127,19,1,0,0,0,1,0,0,0,0),(55,127,10,1,0,0,0,0,0,0,0,0),(56,127,20,1,0,0,0,0,0,0,0,0),(57,127,38,1,0,0,0,0,0,0,0,0),(58,78,27,1,0,0,0,0,0,0,0,0),(59,78,28,1,0,0,0,1,0,0,0,0),(60,78,29,1,0,0,0,1,0,0,0,0),(61,78,30,1,0,0,0,1,0,0,0,0),(62,78,4,1,0,0,0,0,0,0,0,0),(63,78,16,1,0,0,0,1,0,0,0,0),(64,78,17,1,0,0,0,1,0,0,0,0),(65,78,18,1,0,0,0,1,0,0,0,0),(66,78,19,1,0,0,0,1,0,0,0,0),(67,78,20,1,0,0,0,1,0,0,0,0),(68,78,38,1,0,0,0,1,0,0,0,0),(69,212,4,1,0,0,0,0,0,0,0,0),(70,212,16,1,0,1,1,1,0,0,0,0),(71,212,17,1,0,1,1,1,0,0,0,0),(72,212,18,1,0,0,0,1,0,0,0,0),(73,78,10,1,0,0,0,0,0,0,0,0),(74,111,39,1,1,1,1,1,0,0,0,0),(75,45,34,1,0,0,0,0,0,0,0,0),(76,45,39,1,1,0,0,1,0,0,0,0),(77,117,39,1,1,1,1,1,0,0,0,0),(78,117,34,1,0,0,0,0,0,0,0,0),(79,117,4,1,0,0,0,0,0,0,0,0),(80,117,16,1,0,0,0,0,0,0,0,0),(81,117,27,1,0,0,0,0,0,0,0,0),(82,117,28,1,0,0,0,0,0,0,0,0),(83,117,29,1,0,0,0,0,0,0,0,0),(84,117,30,1,0,0,0,0,0,0,0,0),(85,117,17,1,0,0,0,0,0,0,0,0),(86,117,18,1,0,0,0,0,0,0,0,0),(87,117,19,1,0,0,0,0,0,0,0,0),(88,117,20,1,0,0,0,0,0,0,0,0),(89,117,10,1,0,0,0,0,0,0,0,0),(90,117,38,1,0,0,0,0,0,0,0,0),(91,117,37,1,0,0,0,0,0,0,0,0),(92,117,11,0,0,0,0,0,0,0,0,0),(93,146,34,1,0,0,0,0,0,0,0,0),(94,146,39,1,1,1,1,1,0,0,0,0),(95,212,19,1,1,1,1,1,0,0,0,0),(96,111,40,1,1,1,1,1,0,0,0,0),(97,111,44,1,1,1,1,1,0,0,0,0),(98,111,43,1,1,1,1,1,0,0,0,0),(99,111,42,1,0,0,0,0,0,0,0,0),(100,111,41,1,1,1,1,1,0,0,0,0),(101,111,55,1,1,1,1,1,0,0,0,0),(102,45,55,1,1,1,1,1,1,0,0,0),(103,4,27,1,0,0,0,0,0,0,0,0),(104,4,28,1,0,0,0,0,0,0,0,0),(105,4,29,1,0,0,0,0,0,0,0,0),(106,4,30,1,0,0,0,0,0,0,0,0),(107,4,40,1,0,0,0,0,0,0,0,0),(108,4,4,1,0,0,0,0,0,0,0,0),(109,4,41,1,0,0,0,0,0,0,0,0),(110,4,16,1,0,0,0,0,0,0,0,0),(111,4,17,1,0,0,0,0,0,0,0,0),(112,4,18,1,0,0,0,0,0,0,0,0),(113,4,19,1,0,0,0,0,0,0,0,0),(114,4,10,1,0,0,0,0,0,0,0,0),(115,4,20,1,0,0,0,0,0,0,0,0),(116,4,38,1,0,0,0,0,0,0,0,0),(117,4,34,1,0,0,0,0,0,0,0,0),(118,4,37,1,0,0,0,0,0,0,0,0),(119,4,39,1,0,0,0,0,0,0,0,0),(120,4,55,1,0,0,0,0,0,0,0,0),(121,4,11,1,0,0,0,0,0,0,0,0),(122,4,21,1,0,0,0,0,0,0,0,0),(123,4,31,1,0,0,0,0,0,0,0,0),(124,4,44,1,0,0,0,0,0,0,0,0),(125,4,42,1,0,0,0,0,0,0,0,0),(126,4,43,1,0,0,0,0,0,0,0,0),(127,38,27,1,0,0,0,0,0,0,0,0),(128,38,28,1,0,0,0,0,0,0,0,0),(129,38,29,1,0,0,0,0,0,0,0,0),(130,38,30,1,0,0,0,0,0,0,0,0),(131,38,40,1,0,0,0,0,0,0,0,0),(132,38,41,1,0,0,0,0,0,0,0,0),(133,38,4,1,0,0,0,0,0,0,0,0),(134,38,17,1,0,0,0,0,0,0,0,0),(135,38,16,1,0,0,0,0,0,0,0,0),(136,38,18,1,0,0,0,0,0,0,0,0),(137,38,19,1,0,0,0,0,0,0,0,0),(138,38,10,1,0,0,0,0,0,0,0,0),(139,38,20,1,0,0,0,0,0,0,0,0),(140,38,38,1,0,0,0,0,0,0,0,0),(141,38,34,1,0,0,0,0,0,0,0,0),(142,38,37,1,0,0,0,0,0,0,0,0),(143,38,39,1,0,0,0,0,0,0,0,0),(144,38,55,1,0,0,0,0,0,0,0,0),(145,38,11,1,0,0,0,0,0,0,0,0),(146,38,21,1,0,0,0,0,0,0,0,0),(147,38,31,1,0,0,0,0,0,0,0,0),(148,38,44,1,0,0,0,0,0,0,0,0),(149,38,42,1,0,0,0,0,0,0,0,0),(150,38,43,1,0,0,0,0,0,0,0,0),(151,117,55,1,0,0,0,0,0,0,0,0),(152,70,34,1,0,0,0,0,0,0,0,0),(153,70,37,0,0,0,0,0,0,0,0,0),(154,70,39,1,1,0,0,0,0,0,0,0),(155,70,55,1,1,1,1,1,1,0,0,0),(156,111,51,1,1,1,1,1,0,0,0,0),(157,111,52,1,1,1,1,1,0,0,0,0),(158,111,49,1,1,1,1,1,0,0,0,0),(159,111,48,1,1,1,1,1,0,0,0,0),(160,111,53,1,1,1,1,1,0,0,0,0),(161,111,50,1,0,0,0,0,0,0,0,0),(162,111,47,1,0,0,0,0,0,0,0,0),(163,32,47,1,0,0,0,0,0,0,0,0),(164,32,49,1,1,1,1,1,1,1,1,0),(165,32,20,0,0,0,0,0,0,0,0,0),(166,32,48,1,1,1,1,1,1,1,1,0),(167,32,50,1,0,0,0,0,0,0,0,0),(168,32,53,1,1,0,0,0,0,0,0,0),(169,34,4,0,0,0,0,0,0,0,0,0),(170,34,47,1,0,0,0,0,0,0,0,0),(171,34,49,1,1,1,1,1,1,1,1,0),(172,34,48,1,1,1,1,1,1,1,1,0),(173,34,50,1,0,0,0,0,0,0,0,0),(174,34,53,1,1,0,0,0,0,0,0,0),(175,167,47,1,0,0,0,0,0,0,0,0),(176,167,49,1,1,1,1,1,1,1,1,0),(177,167,48,1,1,1,1,1,1,1,1,0),(178,167,50,1,0,0,0,0,0,0,0,0),(179,167,53,1,1,1,1,1,0,0,0,0),(180,163,48,1,1,1,1,1,0,0,0,0),(181,163,47,1,0,0,0,0,0,0,0,0),(182,163,49,1,1,1,1,1,0,0,0,0),(183,163,50,1,0,0,0,0,0,0,0,0),(184,163,53,1,1,0,0,0,0,0,0,0),(185,164,47,1,0,0,0,0,0,0,0,0),(186,164,49,1,1,1,1,1,0,0,0,0),(187,164,48,1,1,1,1,1,0,0,0,0),(188,164,50,1,0,0,0,0,0,0,0,0),(189,164,53,1,1,0,0,0,0,0,0,0),(190,89,50,1,0,0,0,0,0,0,0,0),(191,89,53,1,1,1,1,1,0,0,0,0),(192,89,48,1,1,1,1,1,0,0,0,0),(193,89,47,1,0,0,0,0,0,0,0,0),(194,89,49,1,1,1,1,1,1,1,0,0),(195,157,48,1,1,1,1,1,0,0,0,0),(196,157,49,1,1,1,1,1,0,0,0,0),(197,157,47,1,0,0,0,0,0,0,0,0),(198,157,50,1,0,0,0,0,0,0,0,0),(199,157,53,1,1,0,0,0,0,0,0,0),(200,89,51,1,1,1,1,1,0,0,0,0),(201,89,52,1,1,1,1,1,0,0,0,0),(202,89,27,1,0,0,0,0,0,0,0,0),(203,33,47,1,0,0,0,0,0,0,0,0),(204,33,49,1,1,1,1,1,0,0,0,0),(205,33,48,1,1,1,1,1,0,0,0,0),(206,33,50,1,0,0,0,0,0,0,0,0),(207,33,53,1,1,1,1,1,0,0,0,0),(208,111,56,1,1,1,1,1,0,0,0,0),(209,111,45,1,0,0,0,0,0,0,0,0),(210,111,46,1,0,0,0,0,0,0,0,0),(211,111,54,1,0,0,0,0,0,0,0,0),(212,84,50,1,0,0,0,0,0,0,0,0),(213,84,53,1,1,1,1,1,1,0,0,0),(214,84,47,1,0,0,0,0,0,0,0,0),(215,84,48,1,1,1,1,1,0,0,0,0),(216,84,49,1,1,0,1,1,1,1,1,1),(217,47,34,1,0,0,0,0,0,0,0,0),(218,47,39,1,1,0,0,0,0,0,0,0),(219,47,55,1,1,0,0,0,0,0,0,0),(220,38,51,1,0,0,0,0,0,0,0,0),(221,38,52,1,0,0,0,0,0,0,0,0),(222,38,56,1,0,0,0,0,0,0,0,0),(223,38,47,1,0,0,0,0,0,0,0,0),(224,38,48,1,0,0,0,0,0,0,0,0),(225,38,49,1,0,0,0,0,0,0,0,0),(226,38,50,1,0,0,0,0,0,0,0,0),(227,38,53,1,0,0,0,0,0,0,0,0),(228,38,54,1,0,0,0,0,0,0,0,0),(229,111,57,1,1,1,1,1,0,0,0,0),(230,117,57,1,1,1,1,1,0,0,0,0),(231,204,34,1,0,0,0,0,0,0,0,0),(232,204,57,1,1,1,1,1,0,0,0,0),(233,39,34,1,0,0,0,0,0,0,0,0),(234,39,57,1,1,1,1,1,1,0,0,0),(235,111,58,1,1,1,1,1,0,0,0,0),(236,111,59,1,1,1,1,1,0,0,0,0),(237,111,60,1,0,0,0,0,0,0,0,0),(238,111,61,1,1,1,1,1,0,0,0,0),(239,101,60,1,0,0,0,0,0,0,0,0),(240,101,61,1,1,1,1,1,0,0,0,0),(241,239,60,1,0,0,0,0,0,0,0,0),(242,239,61,1,1,0,0,1,0,0,0,0),(243,240,60,1,0,0,0,0,0,0,0,0),(244,240,61,1,1,0,0,1,0,0,0,0),(245,241,60,1,0,0,0,0,0,0,0,0),(246,241,61,1,1,0,0,1,0,0,0,0),(247,7,60,0,0,0,0,0,0,0,0,0),(248,7,61,0,0,0,0,0,0,0,0,0),(249,112,60,1,0,0,0,0,0,0,0,0),(250,112,61,1,1,0,0,1,0,0,0,0),(251,192,60,1,0,0,0,0,0,0,0,0),(252,192,61,1,1,0,0,1,0,0,0,0),(253,194,60,1,0,0,0,0,0,0,0,0),(254,194,61,1,1,0,0,1,0,0,0,0),(255,193,60,1,0,0,0,0,0,0,0,0),(256,193,61,1,1,0,0,1,0,0,0,0),(257,196,60,1,0,0,0,0,0,0,0,0),(258,196,61,1,1,0,0,1,0,0,0,0),(259,251,60,1,0,0,0,0,0,0,0,0),(260,251,61,1,1,0,0,1,0,0,0,0),(261,242,60,1,0,0,0,0,0,0,0,0),(262,242,61,1,1,0,0,1,0,0,0,0),(263,243,60,1,0,0,0,0,0,0,0,0),(264,243,61,1,1,0,0,1,0,0,0,0),(265,244,60,1,0,0,0,0,0,0,0,0),(266,244,61,1,1,0,0,1,0,0,0,0),(267,245,60,1,0,0,0,0,0,0,0,0),(268,245,61,1,1,0,0,1,0,0,0,0),(269,246,60,1,0,0,0,0,0,0,0,0),(270,246,61,1,1,0,0,1,0,0,0,0),(271,247,60,1,0,0,0,0,0,0,0,0),(272,247,61,1,1,0,0,1,0,0,0,0),(273,248,61,1,1,0,0,1,0,0,0,0),(274,248,60,1,0,0,0,0,0,0,0,0),(275,34,60,1,0,0,0,0,0,0,0,0),(276,34,61,1,1,0,0,1,0,0,0,0),(277,249,61,1,1,0,0,1,0,0,0,0),(278,249,60,1,0,0,0,0,0,0,0,0),(279,252,60,1,0,0,0,0,0,0,0,0),(280,252,61,1,1,0,0,1,0,0,0,0),(281,253,60,1,0,0,0,0,0,0,0,0),(282,253,61,1,1,0,0,1,0,0,0,0),(283,255,61,1,1,0,0,1,0,0,0,0),(284,255,60,1,0,0,0,0,0,0,0,0),(285,256,61,1,1,0,0,1,0,0,0,0),(286,256,60,1,0,0,0,0,0,0,0,0),(287,257,61,1,1,0,0,1,0,0,0,0),(288,257,60,1,0,0,0,0,0,0,0,0),(289,111,62,1,1,1,1,1,1,1,1,0),(290,167,62,1,1,1,1,1,0,0,0,0),(291,34,62,1,1,1,1,1,0,0,0,0),(292,32,62,1,1,1,1,1,1,1,1,0),(293,84,62,1,0,0,0,0,1,1,1,1),(294,42,58,1,1,1,1,1,0,0,0,0),(295,42,34,1,0,0,0,0,0,0,0,0),(296,160,34,1,0,0,0,0,0,0,0,0),(297,160,58,1,1,1,1,1,0,0,0,0),(298,159,34,1,0,0,0,0,0,0,0,0),(299,159,58,1,1,1,1,1,0,0,0,0),(300,158,34,1,0,0,0,0,0,0,0,0),(301,158,58,1,1,1,1,1,0,0,0,0),(302,156,34,1,0,0,0,0,0,0,0,0),(303,156,58,1,1,1,1,1,0,0,0,0),(304,157,34,1,0,0,0,0,0,0,0,0),(305,157,58,1,1,1,1,1,0,0,0,0),(306,8,34,0,0,0,0,0,0,0,0,0),(307,8,58,0,0,0,0,0,0,0,0,0),(308,266,34,1,0,0,0,0,0,0,0,0),(309,266,58,1,1,1,1,1,0,0,0,0),(310,265,34,1,0,0,0,0,0,0,0,0),(311,265,58,1,1,1,1,1,0,0,0,0),(312,264,34,1,0,0,0,0,0,0,0,0),(313,264,58,1,1,1,1,1,0,0,0,0),(314,263,34,1,0,0,0,0,0,0,0,0),(315,263,58,1,1,1,1,1,0,0,0,0),(316,262,34,1,0,0,0,0,0,0,0,0),(317,262,58,1,1,1,1,1,0,0,0,0),(318,267,34,1,0,0,0,0,0,0,0,0),(319,267,58,1,1,1,1,1,0,0,0,0),(320,268,34,1,0,0,0,0,0,0,0,0),(321,268,58,1,1,1,1,1,0,0,0,0),(322,269,34,1,0,0,0,0,0,0,0,0),(323,269,58,1,1,1,1,1,0,0,0,0),(324,270,34,1,0,0,0,0,0,0,0,0),(325,270,58,1,1,1,1,1,0,0,0,0),(326,261,34,1,0,0,0,0,0,0,0,0),(327,261,58,1,1,1,1,1,0,0,0,0),(328,271,34,1,0,0,0,0,0,0,0,0),(329,271,58,1,1,1,1,1,0,0,0,0),(330,272,34,1,0,0,0,0,0,0,0,0),(331,272,58,1,1,1,1,1,0,0,0,0),(332,273,34,1,0,0,0,0,0,0,0,0),(333,273,58,1,1,1,1,1,0,0,0,0),(334,250,60,1,0,0,0,0,0,0,0,0),(335,250,61,1,1,0,0,1,0,0,0,0),(336,48,34,1,0,0,0,0,0,0,0,0),(337,48,58,1,1,1,1,1,1,1,1,1),(350,237,90,1,0,0,0,0,0,0,0,0),(351,237,91,1,0,0,0,0,0,0,0,0),(352,237,92,1,1,1,1,1,0,0,0,0),(353,237,93,1,1,1,1,1,0,0,0,0),(354,237,94,1,1,1,1,1,0,0,0,0),(355,237,95,1,1,1,1,1,0,0,0,0),(356,237,96,1,1,1,1,1,0,0,0,0),(357,237,97,1,0,0,0,0,0,0,0,0),(358,237,98,1,1,1,1,1,0,0,0,0),(359,237,99,1,1,1,1,1,0,0,0,0),(360,237,100,1,1,1,1,1,0,0,0,0),(361,237,101,1,1,1,1,1,0,0,0,0);
/*!40000 ALTER TABLE `tb_user_permissions` ENABLE KEYS */;
UNLOCK TABLES;

--
-- Table structure for table `tb_vehicle`
--

DROP TABLE IF EXISTS `tb_vehicle`;
/*!40101 SET @saved_cs_client     = @@character_set_client */;
/*!50503 SET character_set_client = utf8mb4 */;
CREATE TABLE `tb_vehicle` (
  `id` int(11) NOT NULL AUTO_INCREMENT,
  `vehicle_no` varchar(50) DEFAULT NULL,
  `brand_type` varchar(50) DEFAULT NULL,
  `created_at` datetime DEFAULT NULL,
  `created_log` varchar(50) DEFAULT NULL,
  `updated_at` datetime DEFAULT NULL,
  `updated_log` varchar(50) DEFAULT NULL,
  `is_domestic_delivery` int(11) DEFAULT '0',
  PRIMARY KEY (`id`) USING BTREE
) ENGINE=InnoDB AUTO_INCREMENT=6 DEFAULT CHARSET=latin1;
/*!40101 SET character_set_client = @saved_cs_client */;

--
-- Dumping data for table `tb_vehicle`
--

LOCK TABLES `tb_vehicle` WRITE;
/*!40000 ALTER TABLE `tb_vehicle` DISABLE KEYS */;
INSERT INTO `tb_vehicle` VALUES (3,'T 8969 DP','Isuzu FRR','2025-03-10 00:00:00','AMINUDIN',NULL,NULL,0),(4,'T 8112 DZ','Isuzu FVM','2025-03-10 00:00:00','AMINUDIN',NULL,NULL,0),(5,'T 8176 ED','Isuzu FVM','2025-03-10 00:00:00','AMINUDIN',NULL,NULL,0);
/*!40000 ALTER TABLE `tb_vehicle` ENABLE KEYS */;
UNLOCK TABLES;

--
-- Table structure for table `tb_work_order_categories`
--

DROP TABLE IF EXISTS `tb_work_order_categories`;
/*!40101 SET @saved_cs_client     = @@character_set_client */;
/*!50503 SET character_set_client = utf8mb4 */;
CREATE TABLE `tb_work_order_categories` (
  `category_id` int(11) NOT NULL AUTO_INCREMENT,
  `category_name` varchar(255) DEFAULT NULL,
  `description` text,
  `created_at` datetime DEFAULT NULL,
  `created_log` varchar(255) DEFAULT NULL,
  `updated_at` datetime DEFAULT NULL,
  `updated_log` varchar(255) DEFAULT NULL,
  PRIMARY KEY (`category_id`) USING BTREE
) ENGINE=InnoDB AUTO_INCREMENT=6 DEFAULT CHARSET=latin1;
/*!40101 SET character_set_client = @saved_cs_client */;

--
-- Dumping data for table `tb_work_order_categories`
--

LOCK TABLES `tb_work_order_categories` WRITE;
/*!40000 ALTER TABLE `tb_work_order_categories` DISABLE KEYS */;
INSERT INTO `tb_work_order_categories` VALUES (2,'Safety','Permintaan kerja untuk memastikan keselamatan kerja dan lingkungan.','2024-12-10 00:00:00',NULL,NULL,NULL),(3,'Repair','Permintaan kerja untuk memperbaiki kerusakan atau malfungsi alat dan fasilitas.','2024-12-10 00:00:00',NULL,'2024-12-10 00:00:00',NULL),(4,'Support Man Power','Permintaan kerja untuk mendukung kelancaran operasional, keselamatan kerja, dan kebersihan lingkungan.','2024-12-10 00:00:00',NULL,NULL,NULL),(5,'Improvement','Permintaan kerja untuk meningkatkan efisiensi atau kualitas proses.','2024-12-10 00:00:00',NULL,NULL,NULL);
/*!40000 ALTER TABLE `tb_work_order_categories` ENABLE KEYS */;
UNLOCK TABLES;

--
-- Temporary view structure for view `v_approval`
--

DROP TABLE IF EXISTS `v_approval`;
/*!50001 DROP VIEW IF EXISTS `v_approval`*/;
SET @saved_cs_client     = @@character_set_client;
/*!50503 SET character_set_client = utf8mb4 */;
/*!50001 CREATE VIEW `v_approval` AS SELECT 
 1 AS `approval_id`,
 1 AS `user_id`,
 1 AS `section_id`,
 1 AS `approval_level`,
 1 AS `created_at`,
 1 AS `created_log`,
 1 AS `updated_at`,
 1 AS `updated_log`,
 1 AS `section`,
 1 AS `department`,
 1 AS `nama`*/;
SET character_set_client = @saved_cs_client;

--
-- Temporary view structure for view `v_materials`
--

DROP TABLE IF EXISTS `v_materials`;
/*!50001 DROP VIEW IF EXISTS `v_materials`*/;
SET @saved_cs_client     = @@character_set_client;
/*!50503 SET character_set_client = utf8mb4 */;
/*!50001 CREATE VIEW `v_materials` AS SELECT 
 1 AS `material_id`,
 1 AS `material_no`,
 1 AS `category_material_id`,
 1 AS `material_name`,
 1 AS `material_type`,
 1 AS `description`,
 1 AS `unit`,
 1 AS `stock`,
 1 AS `min_stock`,
 1 AS `created_at`,
 1 AS `created_log`,
 1 AS `updated_at`,
 1 AS `updated_log`,
 1 AS `category_name`,
 1 AS `category_code`*/;
SET character_set_client = @saved_cs_client;

--
-- Temporary view structure for view `v_menus`
--

DROP TABLE IF EXISTS `v_menus`;
/*!50001 DROP VIEW IF EXISTS `v_menus`*/;
SET @saved_cs_client     = @@character_set_client;
/*!50503 SET character_set_client = utf8mb4 */;
/*!50001 CREATE VIEW `v_menus` AS SELECT 
 1 AS `id`,
 1 AS `child_name`,
 1 AS `parent_name`,
 1 AS `urutan_menu`,
 1 AS `parent_id`,
 1 AS `url`,
 1 AS `icon`*/;
SET character_set_client = @saved_cs_client;

--
-- Temporary view structure for view `v_user`
--

DROP TABLE IF EXISTS `v_user`;
/*!50001 DROP VIEW IF EXISTS `v_user`*/;
SET @saved_cs_client     = @@character_set_client;
/*!50503 SET character_set_client = utf8mb4 */;
/*!50001 CREATE VIEW `v_user` AS SELECT 
 1 AS `id`,
 1 AS `nama`,
 1 AS `no_hp`,
 1 AS `section_id`,
 1 AS `usr`,
 1 AS `pswd`,
 1 AS `email`,
 1 AS `kode_user`,
 1 AS `is_active`,
 1 AS `level`,
 1 AS `is_user_computer`,
 1 AS `created_at`,
 1 AS `image_sign`,
 1 AS `section`,
 1 AS `department`*/;
SET character_set_client = @saved_cs_client;

--
-- Temporary view structure for view `v_user_permissions`
--

DROP TABLE IF EXISTS `v_user_permissions`;
/*!50001 DROP VIEW IF EXISTS `v_user_permissions`*/;
SET @saved_cs_client     = @@character_set_client;
/*!50503 SET character_set_client = utf8mb4 */;
/*!50001 CREATE VIEW `v_user_permissions` AS SELECT 
 1 AS `id`,
 1 AS `user_id`,
 1 AS `menu_id`,
 1 AS `can_access`,
 1 AS `can_read`,
 1 AS `can_edit`,
 1 AS `can_delete`,
 1 AS `can_add`,
 1 AS `can_approve1`,
 1 AS `can_approve2`,
 1 AS `can_approve3`,
 1 AS `can_approve4`,
 1 AS `url`,
 1 AS `menu_name`*/;
SET character_set_client = @saved_cs_client;

--
-- Dumping routines for database 'aicc-master'
--

--
-- Final view structure for view `v_approval`
--

/*!50001 DROP VIEW IF EXISTS `v_approval`*/;
/*!50001 SET @saved_cs_client          = @@character_set_client */;
/*!50001 SET @saved_cs_results         = @@character_set_results */;
/*!50001 SET @saved_col_connection     = @@collation_connection */;
/*!50001 SET character_set_client      = utf8mb4 */;
/*!50001 SET character_set_results     = utf8mb4 */;
/*!50001 SET collation_connection      = utf8mb4_general_ci */;
/*!50001 CREATE ALGORITHM=UNDEFINED */
/*!50013 DEFINER=`root`@`localhost` SQL SECURITY DEFINER */
/*!50001 VIEW `v_approval` AS select `a`.`approval_id` AS `approval_id`,`a`.`user_id` AS `user_id`,`a`.`section_id` AS `section_id`,`a`.`approval_level` AS `approval_level`,`a`.`created_at` AS `created_at`,`a`.`created_log` AS `created_log`,`a`.`updated_at` AS `updated_at`,`a`.`updated_log` AS `updated_log`,`b`.`section` AS `section`,`b`.`department` AS `department`,`c`.`nama` AS `nama` from ((`tb_approval` `a` left join `tb_section` `b` on((`b`.`id` = `a`.`section_id`))) left join `tb_user` `c` on((`c`.`id` = `a`.`user_id`))) */;
/*!50001 SET character_set_client      = @saved_cs_client */;
/*!50001 SET character_set_results     = @saved_cs_results */;
/*!50001 SET collation_connection      = @saved_col_connection */;

--
-- Final view structure for view `v_materials`
--

/*!50001 DROP VIEW IF EXISTS `v_materials`*/;
/*!50001 SET @saved_cs_client          = @@character_set_client */;
/*!50001 SET @saved_cs_results         = @@character_set_results */;
/*!50001 SET @saved_col_connection     = @@collation_connection */;
/*!50001 SET character_set_client      = utf8mb4 */;
/*!50001 SET character_set_results     = utf8mb4 */;
/*!50001 SET collation_connection      = utf8mb4_general_ci */;
/*!50001 CREATE ALGORITHM=UNDEFINED */
/*!50013 DEFINER=`root`@`localhost` SQL SECURITY DEFINER */
/*!50001 VIEW `v_materials` AS select `a`.`material_id` AS `material_id`,`a`.`material_no` AS `material_no`,`a`.`category_material_id` AS `category_material_id`,`a`.`material_name` AS `material_name`,`a`.`material_type` AS `material_type`,`a`.`description` AS `description`,`a`.`unit` AS `unit`,`a`.`stock` AS `stock`,`a`.`min_stock` AS `min_stock`,`a`.`created_at` AS `created_at`,`a`.`created_log` AS `created_log`,`a`.`updated_at` AS `updated_at`,`a`.`updated_log` AS `updated_log`,`b`.`category_name` AS `category_name`,`b`.`category_code` AS `category_code` from (`tb_materials` `a` left join `tb_category_materials` `b` on((`b`.`category_id` = `a`.`category_material_id`))) */;
/*!50001 SET character_set_client      = @saved_cs_client */;
/*!50001 SET character_set_results     = @saved_cs_results */;
/*!50001 SET collation_connection      = @saved_col_connection */;

--
-- Final view structure for view `v_menus`
--

/*!50001 DROP VIEW IF EXISTS `v_menus`*/;
/*!50001 SET @saved_cs_client          = @@character_set_client */;
/*!50001 SET @saved_cs_results         = @@character_set_results */;
/*!50001 SET @saved_col_connection     = @@collation_connection */;
/*!50001 SET character_set_client      = utf8mb4 */;
/*!50001 SET character_set_results     = utf8mb4 */;
/*!50001 SET collation_connection      = utf8mb4_general_ci */;
/*!50001 CREATE ALGORITHM=UNDEFINED */
/*!50013 DEFINER=`root`@`localhost` SQL SECURITY DEFINER */
/*!50001 VIEW `v_menus` AS select `child`.`id` AS `id`,`child`.`menu_name` AS `child_name`,`parent`.`menu_name` AS `parent_name`,`child`.`urutan_menu` AS `urutan_menu`,`parent`.`id` AS `parent_id`,`child`.`url` AS `url`,`child`.`icon` AS `icon` from (`tb_menus` `child` left join `tb_menus` `parent` on((`child`.`parent_id` = `parent`.`id`))) */;
/*!50001 SET character_set_client      = @saved_cs_client */;
/*!50001 SET character_set_results     = @saved_cs_results */;
/*!50001 SET collation_connection      = @saved_col_connection */;

--
-- Final view structure for view `v_user`
--

/*!50001 DROP VIEW IF EXISTS `v_user`*/;
/*!50001 SET @saved_cs_client          = @@character_set_client */;
/*!50001 SET @saved_cs_results         = @@character_set_results */;
/*!50001 SET @saved_col_connection     = @@collation_connection */;
/*!50001 SET character_set_client      = utf8mb4 */;
/*!50001 SET character_set_results     = utf8mb4 */;
/*!50001 SET collation_connection      = utf8mb4_general_ci */;
/*!50001 CREATE ALGORITHM=UNDEFINED */
/*!50013 DEFINER=`root`@`localhost` SQL SECURITY DEFINER */
/*!50001 VIEW `v_user` AS select `a`.`id` AS `id`,`a`.`nama` AS `nama`,`a`.`no_hp` AS `no_hp`,`a`.`section_id` AS `section_id`,`a`.`usr` AS `usr`,`a`.`pswd` AS `pswd`,`a`.`email` AS `email`,`a`.`kode_user` AS `kode_user`,`a`.`is_active` AS `is_active`,`a`.`level` AS `level`,`a`.`is_user_computer` AS `is_user_computer`,`a`.`created_at` AS `created_at`,`a`.`image_sign` AS `image_sign`,`b`.`section` AS `section`,`b`.`department` AS `department` from (`tb_user` `a` left join `tb_section` `b` on((`b`.`id` = `a`.`section_id`))) */;
/*!50001 SET character_set_client      = @saved_cs_client */;
/*!50001 SET character_set_results     = @saved_cs_results */;
/*!50001 SET collation_connection      = @saved_col_connection */;

--
-- Final view structure for view `v_user_permissions`
--

/*!50001 DROP VIEW IF EXISTS `v_user_permissions`*/;
/*!50001 SET @saved_cs_client          = @@character_set_client */;
/*!50001 SET @saved_cs_results         = @@character_set_results */;
/*!50001 SET @saved_col_connection     = @@collation_connection */;
/*!50001 SET character_set_client      = utf8mb4 */;
/*!50001 SET character_set_results     = utf8mb4 */;
/*!50001 SET collation_connection      = utf8mb4_general_ci */;
/*!50001 CREATE ALGORITHM=UNDEFINED */
/*!50013 DEFINER=`root`@`localhost` SQL SECURITY DEFINER */
/*!50001 VIEW `v_user_permissions` AS select `a`.`id` AS `id`,`a`.`user_id` AS `user_id`,`a`.`menu_id` AS `menu_id`,`a`.`can_access` AS `can_access`,`a`.`can_read` AS `can_read`,`a`.`can_edit` AS `can_edit`,`a`.`can_delete` AS `can_delete`,`a`.`can_add` AS `can_add`,`a`.`can_approve1` AS `can_approve1`,`a`.`can_approve2` AS `can_approve2`,`a`.`can_approve3` AS `can_approve3`,`a`.`can_approve4` AS `can_approve4`,`b`.`url` AS `url`,`b`.`menu_name` AS `menu_name` from (`tb_user_permissions` `a` left join `tb_menus` `b` on((`b`.`id` = `a`.`menu_id`))) */;
/*!50001 SET character_set_client      = @saved_cs_client */;
/*!50001 SET character_set_results     = @saved_cs_results */;
/*!50001 SET collation_connection      = @saved_col_connection */;
/*!40103 SET TIME_ZONE=@OLD_TIME_ZONE */;

/*!40101 SET SQL_MODE=@OLD_SQL_MODE */;
/*!40014 SET FOREIGN_KEY_CHECKS=@OLD_FOREIGN_KEY_CHECKS */;
/*!40014 SET UNIQUE_CHECKS=@OLD_UNIQUE_CHECKS */;
/*!40101 SET CHARACTER_SET_CLIENT=@OLD_CHARACTER_SET_CLIENT */;
/*!40101 SET CHARACTER_SET_RESULTS=@OLD_CHARACTER_SET_RESULTS */;
/*!40101 SET COLLATION_CONNECTION=@OLD_COLLATION_CONNECTION */;
/*!40111 SET SQL_NOTES=@OLD_SQL_NOTES */;

-- Dump completed on 2025-09-29 16:30:51
